Type,Stage,Dana\miR-8-RA,Dmel\mir-10-RA,Dmel\bft-RA,Dana\miR-276a-RB,Dana\miR-184-RB,Dana\miR-275-RA,Dana\miR-31a-RA,aae.miR.263a.5p,Dana\bantam-RA,Dana\miR-10-RA,Dana\miR-92b-RA,Dmel\mir-33-RA,Dmel\mir-10-RB,ame.miR.317,hme.miR.8,dvi.miR.8.5p,Dmel\mir-14-RA,Dana\miR-9a-RA,aga.miR.11,Dvir\miR-305-RA,aae.miR.305.5p,Dana\miR-9c-RA,Dmel\mir-995-RB,Dana\miR-276b-RB,Dana\miR-277-RA,aae.bantam.3p,Dvir\miR-315a-RA,Dana\miR-11-RA,Dmel\mir-252-RA,Dvir\miR-283-RA,Dper\miR-31b-RA,hme.miR.277,aae.miR.2b,bfl.miR.184.3p,Dvir\mir-375-RB,bfl.miR.9.5p,Dmel\mir-999-RA,Dana\miR-14-RA,Dvir\miR-31b-RA,hme.miR.305,Dmel\mir-375-RA,Dana\let-7-RA,isc.miR.263a,Dana\miR-279-RA,Dana\miR-125-RA,Dmel\mir-190-RA,Dana\miR-316-RA,Dana\miR-281-1-RA,api.miR.275,Dmel\mir-958-RA,aae.miR.276.3p,aae.miR.13.3p,Dmel\mir-996-RA,hme.let.7,cqu.bantam.3p,Dmel\mir-970-RA,dvi.miR.34.3p,Dana\miR-305-RA,Dana\miR-286-RA,Dvir\mir-998-RA,Dmel\mir-998-RA,tca.miR.283.5p,Dvir\mir-996-RA,aga.miR.92a,Dana\miR-281-1-RB,isc.miR.10_,Dana\miR-1-RA,Dmel\mir-283-RA,Dana\miR-2b-RA,Dmel\mir-957-RA,dme.miR.281.1.5p,Dana\miR-9b-RA,Dmel\mir-927-RA,dvi.miR.9b.3p,tur.miR.317.3p,Dana\miR-278-RA,Dmel\mir-988-RA,tur.miR.10.5p,tur.miR.190.5p,Dana\miR-315-RA,Dana\miR-13b-2-RA,der.miR.2a,bma.miR.34,aae.miR.317,dvi.miR.306.5p,mse.miR.317,Dana\miR-100-RA,Dana\miR-31b-RA,dwi.miR.306,dvi.miR.1000.5p,dme.miR.263a.3p,Dmel\mir-981-RA,Dvir\miR-125-RA,dvi.miR.993.3p,mse.miR.2779,cqu.miR.275,aae.miR.252.5p,dvi.miR.996.3p,cel.miR.39.3p,str.miR.34a.5p,lmi.miR.276.5p,dme.miR.34.5p,lmi.miR.8.3p,gma.miR166a.3p,aga.miR.1000,cqu.miR.281.3p,aae.miR.92a.3p,dme.miR.iab.4.5p,dme.miR.124.5p,dya.miR.184.5p,mse.let.7a,dvi.miR.34.5p,dsi.miR.980.3p,dvi.miR.965.3p,dme.miR.956.3p,dme.miR.987.5p,tca.miR.190.5p,dmo.miR.318,dme.miR.996.5p,api.miR.8,api.miR.263a,dvi.miR.125.3p,lva.miR.137.3p,dsi.miR.932.5p,sko.miR.315,tca.miR.252a.5p,api.miR.2a,nvi.miR.283,dme.miR.9a.3p,dps.miR.995.3p,dvi.miR.2a.2.5p,dvi.miR.274,aae.miR.308.3p,dps.miR.927.3p,aga.miR.92b,mse.miR.2b,bmo.miR.279a,dsi.miR.981.3p,bmo.miR.210,atr.miR166b,nvi.miR.31a,sko.miR.252a,pxy.miR.10.3p,dvi.miR.281.2.5p,dpu.miR.31,dvi.miR.282.5p,der.miR.6,aae.miR.31,api.miR.929,dpu.miR.92,dme.miR.274.5p,mse.miR.263b,isc.bantam,dme.miR.965.3p,dme.miR.100.3p,tur.miR.263a.5p,lmi.miR.210.3p,tca.miR.210.3p,ngi.miR.210,hme.miR.190,dvi.miR.929.5p
WT,Feeding 3rd,8332.274339,3693.529747,868.7636442,623.3945732,1247.091325,324.5398796,738.2224636,324.8420583,290.6958698,365.9383559,342.9727778,451.757095,327.5616662,171.6374782,145.3479349,130.5411806,98.51024279,71.91852081,109.0864958,74.33595008,61.64444641,68.89673422,82.49477387,24.47647137,11.7849677,76.75337935,62.85316104,51.97472932,45.62897749,59.22701714,126.6128581,5.741394518,8.158823789,57.11176653,32.3331165,10.87843172,29.00915125,17.82854087,54.08997994,12.69150367,31.72875918,0.302178659,9.669717084,13.59803965,0.302178659,24.77865003,11.48278904,19.03725551,9.669717084,31.42658052,18.43289819,5.43921586,6.345751836,0,10.87843172,12.38932501,5.43921586,12.99368233,9.367538425,12.99368233,2.115250612,11.48278904,7.554466472,3.323965247,7.554466472,3.928322565,7.554466472,4.834858542,2.71960793,3.021786589,4.532679883,1.813071953,3.626143906,1.813071953,5.137037201,2.115250612,1.510893294,4.834858542,3.323965247,5.741394518,1.510893294,2.115250612,1.208714635,1.510893294,3.323965247,1.510893294,0,7.85664513,1.813071953,1.510893294,1.208714635,2.115250612,0,1.208714635,1.813071953,0.604357318,0.302178659,1.510893294,1.208714635,0,0.302178659,0.302178659,1.813071953,0,1.208714635,0.906535977,0.604357318,0.906535977,0.906535977,0.604357318,0,2.115250612,0,0,0.604357318,1.813071953,0.302178659,1.208714635,0.302178659,1.208714635,1.208714635,0,0,0,0.604357318,0,0,0,0,0,0.604357318,0,0.302178659,0.604357318,0.302178659,0,0,0.604357318,0,0,0.302178659,0,0.302178659,1.510893294,0.302178659,0,0.302178659,0.604357318,0,0,0,0,0.302178659,0.302178659,0,0,0,0.604357318,0.604357318,0,0
WT,Feeding 3rd,6405.890668,4852.496417,973.476275,519.1873467,1616.903407,275.8678944,1057.625906,360.2159917,249.0749694,414.7941722,463.2199033,355.6512711,356.0482033,143.6894644,100.02692,123.0489889,131.5830317,102.0115811,122.6520567,58.54750278,52.79198555,62.31835889,68.47080833,21.23587389,9.526373333,64.89841833,44.25794278,41.67788333,34.53310333,33.73923889,78.98951222,7.541712222,7.740178333,57.55517222,35.32696778,16.67115333,29.76991667,22.82360278,38.50242556,15.48035667,31.15917944,0.396932222,8.732508889,9.724839444,0,21.83127222,12.10643278,12.503365,7.14478,17.46501778,16.075755,4.763186667,4.564720556,0,10.71717,12.70183111,5.358585,9.923305555,13.49569556,16.47268722,2.381593333,5.755517222,5.755517222,3.175457778,8.930975,3.969322222,4.366254444,3.57239,2.381593333,2.580059444,3.373923889,2.183127222,2.778525556,2.580059444,1.786195,2.381593333,1.587728889,6.747847778,0.595398333,3.175457778,1.190796667,3.175457778,2.976991667,0.595398333,1.389262778,1.190796667,0,2.183127222,0.793864444,1.190796667,0.793864444,1.389262778,0,1.389262778,0.992330556,0.198466111,0.396932222,1.587728889,0.595398333,1.190796667,0.198466111,0.595398333,0.992330556,0,0.198466111,0.992330556,1.587728889,0.198466111,1.190796667,0.793864444,0,1.389262778,0.396932222,0.198466111,1.190796667,0.396932222,0.198466111,0.396932222,1.190796667,1.389262778,0.595398333,0,0.396932222,0,0.793864444,0.396932222,0,0.198466111,0.198466111,0.198466111,0,0,0.595398333,0.198466111,0.793864444,0,0.198466111,0.396932222,0.198466111,0,0.793864444,0.198466111,0,0.198466111,0.198466111,0,0.198466111,0.198466111,0,0.396932222,0,0,0,0.198466111,0,0,0,0,0,0,0
WT,Feeding 3rd,7707.755284,5536.629594,1196.105442,567.8262296,1961.267479,287.1516674,1273.398898,339.4003167,313.9237026,498.7371066,394.6716151,466.3515802,352.7863343,173.5864215,109.6789828,119.1787372,154.1551057,146.8143864,121.7695793,48.3623861,55.2712984,69.52093001,56.99852647,14.68143864,7.772526337,80.7479125,53.97587734,47.93057908,36.27178957,53.1122633,224.5396497,8.636140374,5.181684225,65.20285983,42.31708783,22.45396497,48.3623861,26.34022814,71.67996511,10.79517547,45.77154398,0.431807019,9.499754412,7.772526337,0,19.43131584,13.38601758,12.09059652,6.908912299,39.72624572,14.24963162,6.908912299,3.45445615,0,18.13589479,11.65878951,4.749877206,9.93156143,22.45396497,22.02215795,1.295421056,10.79517547,7.772526337,4.318070187,11.22698249,4.749877206,8.636140374,8.204333356,2.590842112,3.886263168,3.886263168,5.613491243,2.590842112,3.022649131,1.295421056,3.022649131,0.431807019,9.93156143,1.295421056,3.45445615,1.727228075,2.159035094,2.590842112,0.431807019,2.159035094,0.863614037,0,13.8178246,1.727228075,0,1.295421056,1.727228075,0,2.159035094,2.590842112,0.863614037,0.431807019,0.431807019,0.863614037,0.431807019,0,0.431807019,1.727228075,0,0,3.022649131,0,0.863614037,0,0,0,0.431807019,0,0,1.295421056,1.295421056,0,0.863614037,0.863614037,1.727228075,1.295421056,0,0,0.431807019,0.431807019,0,0,0.431807019,0.431807019,0,0,0,0.431807019,0,1.295421056,0,0.431807019,0,0,0,0,0,0,0,0.431807019,0.863614037,0,0.431807019,0,0,0,0,0.431807019,0,0,0,0,0,0,0,0
WT,Early Postfeeding,5255.107688,3862.438013,948.3327327,610.8958082,837.923371,309.9020715,656.7872299,385.4879426,347.6950071,342.5659658,321.7798512,258.8816085,245.114182,151.9815908,133.3550726,97.18183427,137.1343661,156.8406825,164.3992696,62.6282932,28.34470166,83.14445821,84.76415545,46.43132082,22.13586225,72.07652708,78.01541696,66.13763721,38.06288509,26.99495396,45.6214722,15.6570733,24.02550903,38.06288509,36.98308693,33.47374292,49.13081621,26.18510534,35.90328877,13.76742652,23.48560995,0.26994954,14.84722468,11.06793113,0.26994954,16.73687146,12.14772928,12.41767882,5.938889872,6.478788951,9.988132967,7.018688031,6.748738491,1.889646777,15.38712376,11.33788066,12.14772928,4.859091713,10.79798159,13.49747698,3.509344015,5.938889872,4.859091713,6.208839412,3.779293555,0.809848619,2.969444936,2.699495396,4.319192634,4.319192634,2.429545857,5.668940332,2.969444936,5.398990793,1.619697238,2.969444936,2.699495396,2.969444936,1.079798159,4.589142174,1.889646777,2.429545857,2.699495396,1.079798159,2.969444936,0.809848619,0,2.969444936,2.159596317,2.159596317,0.809848619,1.619697238,0,1.349747698,2.429545857,0.26994954,1.079798159,0.809848619,1.079798159,1.619697238,0.26994954,1.079798159,1.889646777,0,1.079798159,1.889646777,1.079798159,0.26994954,1.889646777,1.619697238,0,0.809848619,1.079798159,0,1.619697238,0.539899079,1.079798159,0.539899079,0.26994954,0.539899079,1.079798159,0,0,0.539899079,1.079798159,1.079798159,0,0.539899079,0.539899079,0.539899079,1.079798159,0,0.539899079,1.349747698,0.539899079,0.26994954,0,0,0.26994954,0,0,0.26994954,0.26994954,0.539899079,0.26994954,0.809848619,0,0,0,0,0,0,0.26994954,0.26994954,0,0,0,0,0,0,0
WT,Early Postfeeding,4514.0143,4079.402197,1122.349938,498.5364536,703.5352312,372.1572789,605.0770369,504.4145548,206.1009215,380.239668,273.3317034,216.0202172,181.1189916,164.9542135,109.4796339,105.071058,112.4186845,91.84533044,141.8091902,60.25053677,35.26860689,54.73981694,61.72006205,26.81883649,12.85834626,55.10719826,37.84027614,54.0050543,33.7990816,31.22741235,44.08575861,11.7562023,18.36906609,43.35099597,31.22741235,23.51240459,29.39050574,23.14502327,34.53384424,20.2059727,28.28836177,0.734762644,14.32787155,8.4497704,0.367381322,15.43001551,13.22572758,13.96049023,8.082389079,13.5931089,10.28667701,9.919295687,6.612863792,0.367381322,12.49096494,10.65405833,13.22572758,15.43001551,10.28667701,7.347626435,3.306431896,7.347626435,5.510719826,5.510719826,4.408575861,1.102143965,3.673813218,3.306431896,4.041194539,2.571669252,3.306431896,2.204287931,1.469525287,4.041194539,1.836906609,6.24548247,2.571669252,3.673813218,0.734762644,1.102143965,1.469525287,1.469525287,2.939050574,1.102143965,0.367381322,1.836906609,0,2.204287931,2.204287931,2.204287931,2.939050574,3.673813218,0,1.469525287,1.836906609,0,1.102143965,0,0,1.469525287,0,0.367381322,0.734762644,7.715007757,1.102143965,2.204287931,1.836906609,1.102143965,0.367381322,1.102143965,0,0.734762644,0,0,1.469525287,0.367381322,0.734762644,0.367381322,0.734762644,0.367381322,0,0,0.367381322,0,0.734762644,0,0,0.367381322,0,0,0,0,0.367381322,0,0.367381322,0.734762644,0,0,0,0.734762644,0,0,0.367381322,0,0,0,0.367381322,0.734762644,0,0,0,0,0.367381322,0,0,0,0,0.367381322,0.367381322,0,0
WT,Early Postfeeding,4458.922881,3272.199877,927.1232986,653.7922716,667.7826749,324.6291723,564.0205173,397.3015449,255.4544006,331.8834555,282.7875033,309.3433613,205.0630406,142.3653074,123.1932733,93.01027363,145.2152044,151.5627022,158.1692815,84.07196043,29.79437735,83.94241966,92.88073286,51.68676766,17.4880041,70.34063869,72.80191334,65.93625248,26.16723576,28.62851041,24.09458342,13.73132173,18.78341181,28.49896964,34.32830433,37.30774207,35.3646305,39.76901672,39.50993518,15.15627022,28.62851041,2.590815421,14.63810713,13.99040328,0.388622313,15.54489253,14.50856636,12.17683248,10.10418014,8.938313204,12.69499557,11.6586694,5.440712385,2.202193108,14.63810713,11.91775094,11.91775094,7.513364722,8.549690891,6.606579325,4.663467759,6.736120096,6.347497783,3.756682361,4.145304674,0.906785398,11.27004708,2.331733879,5.052090072,4.663467759,2.720356193,4.015763903,2.072652337,3.368060048,2.849896964,3.886223132,2.590815421,4.015763903,1.943111566,5.181630843,2.979437735,2.331733879,4.015763903,1.424948482,2.331733879,1.943111566,0,0.906785398,1.036326169,1.943111566,1.424948482,2.072652337,0.129540771,1.295407711,1.813570795,0.647703855,1.295407711,2.331733879,0,2.072652337,0.777244626,1.16586694,0.647703855,0,0.777244626,1.036326169,1.424948482,0.906785398,1.295407711,1.036326169,0,0.647703855,0.647703855,0.906785398,1.036326169,0.129540771,0.388622313,1.295407711,0.518163084,0.906785398,0.906785398,0.259081542,0.259081542,0.129540771,0.777244626,0.259081542,0.388622313,0.129540771,0.906785398,0.518163084,0.518163084,0,1.036326169,0.518163084,0.647703855,0.129540771,0.647703855,0.259081542,0,0,0.129540771,0.129540771,0.129540771,0.129540771,0.129540771,0,0.129540771,0,0,0.388622313,0,0,0.129540771,0,0,0.129540771,0,0,0,0,0
WT,Late Postfeeding,3517.360317,1373.063343,775.6916287,800.210617,242.9608837,748.9436415,267.479872,361.0978272,320.9758464,100.304952,267.479872,140.4269328,169.4039189,258.5638762,147.1139296,98.07595306,118.1369435,109.2209477,109.2209477,102.5339509,120.3659424,46.8089776,64.64096906,64.64096906,46.8089776,62.41197013,53.4959744,75.78596373,73.55696479,40.1219808,26.7479872,11.14499467,37.89298186,8.915995733,17.83199147,17.83199147,11.14499467,33.434984,17.83199147,24.51898826,35.66398293,0,24.51898826,22.28998933,0,15.60299253,20.0609904,4.457997866,4.457997866,8.915995733,11.14499467,11.14499467,6.686996799,0,2.228998933,11.14499467,8.915995733,8.915995733,6.686996799,6.686996799,8.915995733,0,8.915995733,20.0609904,0,4.457997866,0,0,0,0,6.686996799,11.14499467,2.228998933,4.457997866,13.3739936,0,2.228998933,4.457997866,0,2.228998933,4.457997866,2.228998933,2.228998933,6.686996799,0,0,0,4.457997866,2.228998933,0,0,2.228998933,0,2.228998933,4.457997866,6.686996799,0,0,8.915995733,0,0,2.228998933,2.228998933,0,0,0,0,0,0,0,0,0,0,0,0,0,0,0,0,0,0,0,0,0,0,0,0,2.228998933,0,2.228998933,0,0,0,0,0,0,0,0,0,0,0,0,0,0,0,0,0,0,0,0,0,0,0,0,0,0,0,0,0,2.228998933,0
WT,Late Postfeeding,3327.999834,1973.039215,907.5679619,661.6899805,233.095334,517.3212575,266.1798331,456.4157024,286.4816847,152.6398478,222.568448,144.368723,151.8879273,219.5607663,126.3226326,106.020781,95.49389491,123.3149509,120.3072692,67.67283891,58.64979372,61.65747545,61.65747545,84.21508843,35.34026032,45.11522594,51.88250983,58.64979372,34.58833989,30.82873773,24.81337427,15.79032908,51.1305894,12.78264735,14.28648822,34.58833989,24.06145384,17.29416994,17.29416994,18.79801081,16.54224951,8.271124756,31.58065816,26.31721513,6.767283891,12.78264735,19.54993124,16.54224951,13.53456778,8.271124756,4.511522594,16.54224951,18.79801081,2.255761297,5.263443027,11.27880649,17.29416994,18.04609038,7.519204324,5.263443027,10.52688605,6.767283891,5.263443027,4.511522594,3.759602162,6.767283891,1.503840865,1.503840865,1.503840865,2.255761297,4.511522594,3.007681729,3.007681729,7.519204324,8.271124756,2.255761297,4.511522594,0.751920432,0,6.767283891,3.007681729,0.751920432,2.255761297,6.767283891,5.263443027,1.503840865,1.503840865,1.503840865,4.511522594,1.503840865,1.503840865,3.759602162,2.255761297,0,0.751920432,0.751920432,1.503840865,0,0,0.751920432,0,0.751920432,1.503840865,1.503840865,0.751920432,2.255761297,1.503840865,2.255761297,0.751920432,0.751920432,0.751920432,0.751920432,0,0.751920432,0,0.751920432,0.751920432,0,1.503840865,0,0,1.503840865,2.255761297,0,0,0.751920432,0,0,0.751920432,0,1.503840865,0,0,0.751920432,0,0.751920432,0,0,0,0.751920432,0,0.751920432,0,0,0,0,1.503840865,0,0,0,0,0,0,0,0,0.751920432,0,0,0,0,0
WT,Late Postfeeding,4926.257444,1918.609168,595.6824654,935.550375,537.2105669,566.4465161,219.2696191,186.3791763,215.6151255,197.3426572,391.0308208,288.7049985,332.5589224,317.9409478,153.4887334,98.67132862,131.5617715,157.1432271,84.05335401,142.5252524,76.7443667,87.70784766,36.54493652,65.78088574,51.16291113,65.78088574,51.16291113,43.85392383,32.89044287,58.47189844,40.19943018,21.92696191,14.61797461,32.89044287,25.58145557,47.50841748,14.61797461,29.23594922,29.23594922,29.23594922,21.92696191,3.654493652,10.96348096,10.96348096,7.308987305,0,18.27246826,0,0,3.654493652,14.61797461,7.308987305,14.61797461,3.654493652,10.96348096,14.61797461,10.96348096,10.96348096,10.96348096,10.96348096,0,14.61797461,10.96348096,10.96348096,0,21.92696191,3.654493652,3.654493652,3.654493652,3.654493652,7.308987305,14.61797461,0,3.654493652,36.54493652,3.654493652,3.654493652,0,0,0,0,0,10.96348096,0,18.27246826,3.654493652,0,0,0,0,0,3.654493652,0,0,0,0,3.654493652,3.654493652,0,0,0,3.654493652,0,0,0,0,0,0,0,0,0,0,0,0,0,0,0,0,0,0,0,0,0,0,3.654493652,0,0,0,3.654493652,0,0,0,0,0,0,0,0,0,0,0,0,0,0,0,0,0,0,0,0,0,0,0,0,0,0,0,0,0,0,0,0
WT,Early Puparial,3327.999834,831.9999584,788.5116525,1221.105854,249.4855446,1029.986193,455.4827833,322.7290073,312.4291453,75.53232085,268.9408394,120.1650559,74.38789174,83.54332457,137.3314924,98.42090292,52.64373877,231.174679,139.6203507,128.1760596,97.27647382,99.56533203,83.54332457,211.7193842,84.68775368,53.78816788,77.82117905,35.47730222,84.68775368,30.8995858,4.577716415,51.49930967,54.93259698,18.31086566,14.87757835,41.19944773,16.02200745,25.17744028,5.722145519,30.8995858,18.31086566,13.73314924,16.02200745,36.62173132,10.29986193,19.45529476,16.02200745,5.722145519,17.16643656,2.288858207,8.011003726,13.73314924,24.03301118,17.16643656,10.29986193,9.15543283,2.288858207,4.577716415,6.866574622,3.433287311,14.87757835,8.011003726,10.29986193,11.44429104,0,4.577716415,0,2.288858207,3.433287311,3.433287311,1.144429104,1.144429104,2.288858207,10.29986193,3.433287311,6.866574622,9.15543283,0,4.577716415,3.433287311,2.288858207,6.866574622,2.288858207,4.577716415,4.577716415,2.288858207,3.433287311,2.288858207,5.722145519,4.577716415,1.144429104,1.144429104,0,2.288858207,4.577716415,2.288858207,0,0,1.144429104,2.288858207,2.288858207,0,2.288858207,0,2.288858207,0,1.144429104,0,1.144429104,1.144429104,0,0,3.433287311,2.288858207,0,0,0,0,2.288858207,0,0,0,0,0,0,1.144429104,2.288858207,2.288858207,0,1.144429104,2.288858207,0,0,0,0,1.144429104,0,0,0,2.288858207,0,2.288858207,0,1.144429104,1.144429104,1.144429104,0,0,0,0,0,0,0,0,1.144429104,0,0,1.144429104,1.144429104,1.144429104,0
WT,Early Puparial,2819.299975,682.0691288,805.8610347,1105.63163,251.2247503,659.0098522,578.9092072,287.6341344,507.3040851,65.53689138,247.5838119,108.0145062,95.87804479,44.90490706,112.8690907,121.3646137,67.96418365,362.8801949,111.6554446,70.39147592,83.74158343,174.7650437,37.62303024,223.3108891,60.68230683,67.96418365,95.87804479,58.25501456,69.17782979,32.76844569,7.28187682,32.76844569,43.69126092,7.28187682,13.3501075,57.04136842,16.99104591,12.13646137,16.99104591,18.20469205,20.63198432,29.12750728,33.98209183,30.34115342,30.34115342,20.63198432,13.3501075,1.213646137,18.20469205,3.64093841,6.068230683,15.77739978,14.56375364,20.63198432,4.854584547,4.854584547,0,4.854584547,4.854584547,6.068230683,9.709169093,7.28187682,8.495522956,13.3501075,4.854584547,2.427292273,1.213646137,1.213646137,4.854584547,1.213646137,0,8.495522956,3.64093841,9.709169093,0,4.854584547,9.709169093,0,0,9.709169093,1.213646137,3.64093841,4.854584547,6.068230683,2.427292273,2.427292273,8.495522956,1.213646137,3.64093841,2.427292273,1.213646137,0,2.427292273,0,0,1.213646137,3.64093841,1.213646137,0,1.213646137,1.213646137,0,0,0,3.64093841,0,0,1.213646137,2.427292273,1.213646137,1.213646137,0,1.213646137,1.213646137,0,0,0,1.213646137,1.213646137,0,1.213646137,3.64093841,1.213646137,1.213646137,1.213646137,0,2.427292273,1.213646137,0,0,0,0,0,0,0,0,1.213646137,0,0,0,0,0,0,0,0,0,0,0,0,1.213646137,0,0,1.213646137,0,0,0,0,0,0,0,0
WT,Early Puparial,2592.784817,907.9063372,699.9943472,700.7137658,182.7323373,739.562373,498.557125,431.6511904,308.6306012,108.6322163,207.1925714,145.3225674,58.99232936,39.56802579,101.4380298,68.34477182,56.11465476,296.4004841,138.8477996,97.8409365,79.85547023,153.9555913,59.71174801,202.8760595,45.323375,60.43116666,129.4953571,64.02825992,23.02139682,35.97093254,1.438837301,57.55349206,52.5175615,7.194186507,21.58255952,71.94186507,29.49616468,11.51069841,10.79127976,29.49616468,18.70488492,17.26604762,37.40976984,30.93500198,19.42430357,20.86314087,16.54662897,7.194186507,15.10779167,0.719418651,7.194186507,12.23011706,15.10779167,15.10779167,5.755349206,2.877674603,0,9.35244246,2.877674603,1.438837301,7.913605158,5.035930555,3.597093254,4.316511904,2.877674603,1.438837301,0,2.877674603,5.755349206,5.035930555,0,6.474767857,3.597093254,7.194186507,2.158255952,7.194186507,5.035930555,0,5.035930555,4.316511904,2.877674603,1.438837301,2.158255952,5.035930555,5.755349206,1.438837301,3.597093254,0,2.158255952,2.158255952,1.438837301,2.158255952,0.719418651,1.438837301,0,2.158255952,0.719418651,0.719418651,0,0.719418651,3.597093254,0,2.158255952,0,3.597093254,0,1.438837301,1.438837301,2.877674603,0,0.719418651,2.158255952,2.877674603,2.158255952,0,0,0,0,1.438837301,1.438837301,0,2.877674603,0.719418651,0.719418651,1.438837301,0.719418651,0,0.719418651,0.719418651,0,1.438837301,0,0,0,0.719418651,0,1.438837301,0,0,0,0,0,0,0,0,0.719418651,0,0,0,0,0,0,0,0,0,0,0,0,0,0,0
WT,Mid Puparial 1,2229.595513,442.4061998,1030.817423,994.590613,264.5654942,1070.33758,399.5926966,295.3033939,299.6945225,73.55140295,122.951599,86.72478855,40.61793894,103.1915206,103.1915206,76.84474935,42.81350321,344.7035899,186.6229627,119.6582526,66.96471015,318.3568187,92.21369922,453.3840211,57.08467094,58.18245308,124.0493811,59.28023521,40.61793894,17.56451414,2.195564267,40.61793894,69.16027441,15.36894987,18.66229627,93.31148135,32.93346401,14.27116774,10.97782134,21.95564267,12.07560347,64.76914588,27.44455334,34.03124614,100.9959563,13.1733856,14.27116774,3.293346401,28.54233547,1.097782134,12.07560347,24.15120694,24.15120694,28.54233547,6.586692801,9.880039202,25.24898907,4.391128534,2.195564267,7.684474935,5.488910668,5.488910668,6.586692801,2.195564267,0,0,0,1.097782134,8.782257068,17.56451414,2.195564267,21.95564267,6.586692801,26.3467712,3.293346401,4.391128534,4.391128534,0,2.195564267,13.1733856,2.195564267,10.97782134,1.097782134,4.391128534,14.27116774,1.097782134,17.56451414,1.097782134,9.880039202,6.586692801,8.782257068,4.391128534,1.097782134,8.782257068,1.097782134,2.195564267,1.097782134,2.195564267,1.097782134,0,5.488910668,1.097782134,2.195564267,1.097782134,0,1.097782134,0,1.097782134,1.097782134,2.195564267,8.782257068,0,2.195564267,2.195564267,0,1.097782134,2.195564267,0,0,1.097782134,0,4.391128534,1.097782134,0,1.097782134,0,1.097782134,2.195564267,1.097782134,0,1.097782134,0,0,0,0,2.195564267,0,0,0,0,0,0,0,0,0,0,0,0,0,0,0,3.293346401,0,0,0,0,2.195564267,2.195564267,2.195564267,0,0
WT,Mid Puparial 1,1704.756547,351.8327342,849.6579175,1202.397437,322.8156015,775.3015149,493.2912563,245.7388427,330.9766701,54.40712385,87.05139816,81.61068578,38.0849867,114.2549601,87.95818356,73.4496172,28.11034732,248.4591989,134.2042388,100.6531791,50.77998226,254.8066967,96.11925214,378.1295108,32.64427431,58.03426544,79.79711498,64.38176322,64.38176322,18.13570795,1.813570795,38.0849867,61.66140703,15.41535176,19.04249335,69.82247561,31.73748891,9.974639373,12.69499557,15.41535176,20.85606414,56.22069465,27.20356193,24.48320573,56.22069465,11.78821017,14.50856636,1.813570795,20.85606414,0.906785398,22.66963494,13.60178096,14.50856636,40.80534289,9.974639373,4.533926988,12.69499557,3.62714159,1.813570795,4.533926988,6.347497783,2.720356193,6.347497783,6.347497783,0.906785398,0,1.813570795,2.720356193,2.720356193,8.161068578,0,23.57642034,5.440712385,13.60178096,5.440712385,2.720356193,5.440712385,0,4.533926988,5.440712385,3.62714159,8.161068578,0,4.533926988,8.161068578,1.813570795,18.13570795,0.906785398,3.62714159,7.25428318,0.906785398,1.813570795,4.533926988,2.720356193,2.720356193,0.906785398,0,0.906785398,0.906785398,0,1.813570795,0,0,0,1.813570795,0,0,1.813570795,0,0,3.62714159,0,3.62714159,1.813570795,0,0.906785398,1.813570795,1.813570795,0,0,0.906785398,2.720356193,0,1.813570795,0.906785398,0,0,0,3.62714159,0,0.906785398,0,0.906785398,0.906785398,0,0,0,0,0.906785398,0,0,1.813570795,0,0,0.906785398,0,0,0,0,0,0,2.720356193,0,0,0,0,0.906785398,0,0,0,0
WT,Mid Puparial 1,1869.345127,360.6392266,1172.872547,1529.059437,419.7916924,897.4637544,482.7604462,256.3273515,363.1834187,58.51641772,75.68971423,78.2339063,40.7070732,172.3690131,85.23043451,96.04325083,34.34659301,299.5786168,124.0293637,110.6723553,52.79198555,252.5110634,120.8491236,438.8731329,50.24779348,55.33617763,72.50947414,56.60827367,66.78504197,15.26515245,1.908144056,29.89425688,78.86995432,24.16982471,13.35700839,66.78504197,41.97916924,7.632576225,12.72096037,20.98958462,12.08491236,54.70012961,22.89772867,38.16288112,64.87689791,6.360480187,11.44886434,3.180240094,29.89425688,0.636048019,17.80934452,16.53724849,16.53724849,26.71401679,6.996528206,7.632576225,15.90120047,1.908144056,3.816288112,5.08838415,10.81281632,6.996528206,13.99305641,5.724432169,0,0,1.272096037,3.180240094,3.816288112,15.90120047,0,17.17329651,9.540720281,14.62910443,6.996528206,0.636048019,8.904672262,0,1.272096037,12.08491236,10.1767683,5.08838415,1.272096037,1.908144056,9.540720281,3.816288112,13.35700839,0,12.72096037,8.268624244,2.544192075,1.908144056,1.908144056,3.816288112,3.816288112,1.908144056,2.544192075,0.636048019,1.908144056,1.272096037,4.452336131,0.636048019,0.636048019,0,1.908144056,1.908144056,0,0,0.636048019,1.272096037,4.452336131,0.636048019,1.908144056,1.272096037,0,0.636048019,0.636048019,0.636048019,1.908144056,0,0,5.08838415,0.636048019,0.636048019,1.272096037,0.636048019,1.272096037,0,1.908144056,0,0.636048019,0,0,0,0,1.272096037,0.636048019,0,1.908144056,0,0.636048019,1.272096037,0,0,0.636048019,0,1.908144056,0,0,0,0,0,0,0,0,0,0,0.636048019,0.636048019,0,0
WT,Mid Puparial 2,2183.28385,206.5529372,1965.148505,1938.122887,490.3219256,972.9222461,233.5785551,335.889823,339.7506256,32.81682179,185.3185231,81.07685384,23.16481538,23.16481538,113.8936756,96.52006409,75.28564999,241.3001602,42.4688282,86.86805768,54.05123589,241.3001602,27.02561795,343.6114282,90.72886025,48.26003205,19.30401282,28.95601923,79.14645256,19.30401282,1.930401282,27.02561795,61.77284102,21.2344141,5.791203846,73.35524871,32.81682179,19.30401282,5.791203846,17.37361154,7.721605128,146.7104974,13.51280897,36.67762436,106.1720705,13.51280897,9.652006409,0,17.37361154,0,36.67762436,15.44321026,23.16481538,69.49444615,3.860802564,13.51280897,0,5.791203846,3.860802564,5.791203846,0,1.930401282,13.51280897,15.44321026,0,1.930401282,5.791203846,7.721605128,11.58240769,27.02561795,0,13.51280897,7.721605128,13.51280897,0,5.791203846,7.721605128,0,0,3.860802564,3.860802564,7.721605128,1.930401282,7.721605128,21.2344141,0,9.652006409,1.930401282,11.58240769,5.791203846,0,7.721605128,11.58240769,3.860802564,0,1.930401282,3.860802564,1.930401282,0,0,3.860802564,0,3.860802564,0,1.930401282,0,3.860802564,1.930401282,0,0,1.930401282,0,0,0,0,0,0,1.930401282,0,0,0,11.58240769,0,0,0,1.930401282,0,0,1.930401282,0,0,0,0,0,0,1.930401282,0,0,3.860802564,0,0,0,0,0,0,0,0,0,0,0,0,0,0,0,0,0,0,0,0,0,0
WT,Mid Puparial 2,1929.639326,591.9495075,4282.92879,1494.382335,734.1334578,1079.437337,658.6889128,1273.852126,545.5220952,63.83769199,118.9702442,84.14968489,52.2308389,23.21370618,69.64111853,171.2010831,37.72227254,156.6925167,69.64111853,46.42741235,46.42741235,246.6456281,58.03426544,237.9404883,66.73940526,69.64111853,11.60685309,37.72227254,69.64111853,23.21370618,5.803426544,63.83769199,81.24797162,26.11541945,8.705139816,29.01713272,8.705139816,2.901713272,2.901713272,11.60685309,2.901713272,255.3507679,34.82055926,20.3119929,179.9062229,20.3119929,14.50856636,2.901713272,26.11541945,0,23.21370618,14.50856636,37.72227254,66.73940526,20.3119929,5.803426544,0,5.803426544,0,2.901713272,2.901713272,2.901713272,8.705139816,14.50856636,0,2.901713272,0,8.705139816,29.01713272,26.11541945,0,8.705139816,17.41027963,11.60685309,0,8.705139816,14.50856636,0,8.705139816,0,8.705139816,11.60685309,0,8.705139816,0,0,40.62398581,0,2.901713272,5.803426544,0,2.901713272,20.3119929,2.901713272,2.901713272,0,0,0,0,0,2.901713272,0,2.901713272,0,2.901713272,0,0,0,2.901713272,0,14.50856636,2.901713272,5.803426544,0,0,2.901713272,0,0,0,0,5.803426544,2.901713272,0,8.705139816,0,0,0,0,0,0,0,2.901713272,0,0,0,0,0,0,2.901713272,0,0,0,0,0,0,0,0,2.901713272,0,0,2.901713272,5.803426544,0,0,0,0,0,0,0,0,0
WT,Mid Puparial 2,894.0477662,849.5923524,6697.949011,1091.627383,844.652862,3531.735651,543.3439463,1121.264326,24.69745211,123.4872605,192.6401264,64.21337547,44.45541379,54.33439463,19.75796168,197.5796168,19.75796168,138.3057318,182.7611456,9.878980842,44.45541379,79.03184674,98.78980842,118.5477701,128.4267509,4.939490421,0,64.21337547,143.2452222,4.939490421,4.939490421,74.09235632,49.39490421,39.51592337,4.939490421,19.75796168,4.939490421,4.939490421,14.81847126,4.939490421,0,380.3407624,39.51592337,14.81847126,311.1878965,69.1528659,4.939490421,0,34.57643295,0,24.69745211,39.51592337,14.81847126,380.3407624,0,9.878980842,0,0,0,0,4.939490421,0,24.69745211,9.878980842,0,79.03184674,0,0,14.81847126,9.878980842,0,9.878980842,24.69745211,0,4.939490421,9.878980842,4.939490421,0,24.69745211,0,24.69745211,4.939490421,0,29.63694253,0,4.939490421,14.81847126,0,0,0,4.939490421,4.939490421,29.63694253,0,4.939490421,0,0,0,14.81847126,0,4.939490421,0,0,98.78980842,4.939490421,0,0,4.939490421,0,0,14.81847126,0,9.878980842,0,0,0,0,0,0,0,0,0,0,0,0,4.939490421,0,0,0,0,0,0,0,0,0,0,0,0,0,0,0,0,0,0,0,0,0,0,0,0,0,0,0,0,4.939490421,0,0,0,0,0,0
WT,Late Puparial,2848.245745,305.2989909,643.308588,2340.625597,500.351124,201.1096528,1651.27986,314.9910224,1175.158814,41.1911337,26.65308651,56.94068481,32.71060617,27.86459044,88.43978705,243.5122904,305.2989909,75.1132438,117.5158814,67.8442202,19.38406292,100.5548264,52.09466909,276.2228965,1691.259489,186.5716056,10.90353539,58.15218875,78.7477556,16.96105505,2.423007864,558.5033128,65.42121234,30.28759831,4.846015729,8.480527526,66.63271627,54.51767695,3.634511797,13.32654325,8.480527526,112.6698657,60.57519661,30.28759831,111.4583618,9.692031458,16.96105505,3.634511797,6.057519661,0,33.9221101,16.96105505,29.07609437,15.74955112,20.59556685,25.44158258,1.211503932,1.211503932,2.423007864,2.423007864,6.057519661,0,14.53804719,3.634511797,3.634511797,23.01857471,4.846015729,6.057519661,10.90353539,42.40263763,0,3.634511797,46.03714942,9.692031458,1.211503932,9.692031458,2.423007864,0,3.634511797,0,2.423007864,8.480527526,0,1.211503932,3.634511797,1.211503932,9.692031458,0,0,2.423007864,0,6.057519661,18.17255898,1.211503932,1.211503932,0,1.211503932,2.423007864,1.211503932,0,3.634511797,0,1.211503932,7.269023593,4.846015729,2.423007864,0,0,1.211503932,2.423007864,8.480527526,0,2.423007864,1.211503932,0,10.90353539,0,0,0,0,1.211503932,0,0,0,0,1.211503932,0,2.423007864,0,0,1.211503932,26.65308651,1.211503932,4.846015729,0,1.211503932,1.211503932,3.634511797,2.423007864,10.90353539,1.211503932,0,0,0,0,0,1.211503932,1.211503932,2.423007864,0,10.90353539,2.423007864,2.423007864,1.211503932,0,0,1.211503932,2.423007864,2.423007864,0,1.211503932
WT,Late Puparial,3194.271406,557.9035675,1394.758919,1580.726775,415.6928542,486.7982109,2094.8732,793.0982087,634.478567,32.81785691,16.40892846,38.28749973,32.81785691,16.40892846,71.10535664,180.498213,371.9357117,114.8624992,98.45357074,76.57499946,43.75714255,49.22678537,60.16607101,224.2553556,1039.232136,87.5142851,0,60.16607101,49.22678537,27.34821409,0,574.312496,120.332142,10.93928564,5.469642819,0,38.28749973,27.34821409,10.93928564,27.34821409,5.469642819,175.0285702,82.04464228,10.93928564,207.8464271,27.34821409,27.34821409,0,0,0,27.34821409,5.469642819,10.93928564,16.40892846,0,5.469642819,16.40892846,0,0,0,0,10.93928564,0,0,21.87857128,0,5.469642819,0,32.81785691,92.98392792,0,0,5.469642819,5.469642819,0,5.469642819,10.93928564,0,5.469642819,0,0,10.93928564,0,10.93928564,0,0,16.40892846,0,0,5.469642819,5.469642819,10.93928564,32.81785691,5.469642819,0,0,0,0,0,0,0,5.469642819,0,0,0,0,0,0,0,0,5.469642819,0,0,0,0,16.40892846,0,0,0,0,0,0,0,10.93928564,5.469642819,0,0,0,0,0,0,5.469642819,0,0,0,0,0,0,16.40892846,0,0,0,0,0,0,0,0,0,0,0,5.469642819,0,0,0,0,0,0,5.469642819,5.469642819,0,0
WT,Late Puparial,3768.063676,330.6668124,515.2250333,1473.902458,238.387702,138.4186657,1038.139992,407.5660711,943.2975734,43.5762466,12.81654312,99.96903631,53.82948109,30.75970348,92.27911044,140.9819743,397.3128366,64.08271559,135.855357,74.33595008,28.19639486,69.20933283,43.5762466,238.387702,1537.985174,176.868295,5.126617247,43.5762466,17.94316036,20.50646899,0,592.124292,53.82948109,25.63308623,2.563308623,15.37985174,82.02587595,33.3230121,2.563308623,12.81654312,5.126617247,117.9121967,38.44962935,17.94316036,76.8992587,2.563308623,17.94316036,2.563308623,5.126617247,0,38.44962935,17.94316036,38.44962935,12.81654312,23.06977761,20.50646899,5.126617247,0,5.126617247,0,5.126617247,5.126617247,5.126617247,0,7.68992587,2.563308623,2.563308623,0,10.25323449,35.88632073,0,0,38.44962935,0,0,12.81654312,2.563308623,0,0,2.563308623,10.25323449,5.126617247,0,0,0,0,7.68992587,0,0,5.126617247,0,7.68992587,10.25323449,2.563308623,2.563308623,0,5.126617247,2.563308623,7.68992587,0,0,0,2.563308623,0,0,0,0,0,2.563308623,0,15.37985174,0,2.563308623,0,0,12.81654312,2.563308623,0,0,0,0,0,0,5.126617247,0,0,2.563308623,0,0,0,0,15.37985174,0,0,0,2.563308623,2.563308623,2.563308623,5.126617247,0,2.563308623,0,0,0,0,0,0,0,0,0,7.68992587,0,0,0,0,0,7.68992587,2.563308623,2.563308623,5.126617247,0
Selection,Con_Early_Pf,9033.783782,2973.960241,854.9666588,1147.006348,372.5553038,654.0187889,397.1193898,592.608574,500.4932516,206.0653878,244.2761882,310.1215853,326.4976427,383.4726754,269.5226099,220.394438,170.5839303,167.1722517,158.6430552,180.4777983,189.3481627,75.05692935,91.43298666,35.82262537,55.95152915,111.5618904,75.05692935,66.18656497,77.78627223,71.30408288,40.59897542,26.95226099,27.29342885,19.44656806,45.37532547,23.54058239,26.95226099,38.21080039,23.19941453,51.51634696,28.99926816,0.682335721,32.41094676,29.34043602,0,21.15240736,37.52846467,37.52846467,17.39956089,24.90525383,12.28204298,15.69372159,19.78773592,0,22.5170788,11.59970726,8.529196517,15.01138587,6.823357213,6.823357213,11.94087512,10.91737154,6.482189353,6.141021492,8.188028656,3.411678607,9.211532238,12.62321084,4.776350049,3.411678607,6.823357213,2.729342885,3.070510746,6.141021492,10.57620368,4.435182189,0.682335721,3.411678607,6.141021492,5.11751791,4.094014328,4.094014328,2.047007164,6.482189353,2.388175025,4.435182189,0,1.705839303,1.705839303,1.705839303,1.705839303,1.023503582,0,1.364671443,1.023503582,4.094014328,1.364671443,2.047007164,0.341167861,0.682335721,2.388175025,1.705839303,1.023503582,0,0.682335721,1.705839303,0.682335721,2.047007164,0.682335721,0.682335721,0,1.023503582,0.341167861,0.682335721,0.341167861,1.364671443,0.341167861,0.682335721,0.341167861,1.364671443,0,0,1.364671443,0,2.047007164,1.023503582,1.023503582,1.705839303,0,1.023503582,0.682335721,0,0.341167861,0,0,0,0.341167861,0.682335721,0,0,0,0.341167861,0.341167861,0,0.341167861,0.682335721,0.341167861,0,0.341167861,0.341167861,0,0,0.341167861,0.682335721,0,0.341167861,0,0,0,1.023503582,0.341167861
Selection,Con_Early_Pf,11008.90494,4790.840901,1153.350587,608.1770656,281.5872671,610.7486388,399.8796351,820.3318559,403.7369949,303.4456395,214.7263635,358.7344636,470.5978985,223.7268698,267.4436145,129.8644474,151.7228197,171.0096189,154.294393,144.0081001,186.4390582,90.00506256,83.57612952,38.57359824,52.71725093,95.14820899,72.00405005,77.14719648,56.57461075,83.57612952,7.714719648,23.14415894,29.57309198,16.7152259,34.71623841,21.85837234,38.57359824,28.28730537,19.28679912,45.00253128,29.57309198,0,15.4294393,29.57309198,1.285786608,30.85887859,27.00151877,33.43045181,20.57258573,34.71623841,2.571573216,12.85786608,16.7152259,0,10.28629286,7.714719648,15.4294393,19.28679912,11.57207947,3.857359824,20.57258573,11.57207947,3.857359824,5.143146432,3.857359824,1.285786608,6.42893304,7.714719648,3.857359824,5.143146432,11.57207947,2.571573216,1.285786608,7.714719648,10.28629286,3.857359824,2.571573216,6.42893304,2.571573216,10.28629286,0,3.857359824,2.571573216,3.857359824,2.571573216,0,0,0,1.285786608,1.285786608,0,0,0,1.285786608,0,0,0,6.42893304,0,2.571573216,1.285786608,0,1.285786608,1.285786608,2.571573216,0,1.285786608,0,2.571573216,1.285786608,0,0,1.285786608,0,1.285786608,2.571573216,1.285786608,1.285786608,3.857359824,3.857359824,1.285786608,1.285786608,2.571573216,0,0,0,2.571573216,2.571573216,1.285786608,2.571573216,0,0,1.285786608,0,0,0,1.285786608,0,0,0,0,0,0,0,1.285786608,0,0,0,1.285786608,0,0,0,0,0,0,0,0,0,0,0,0
Selection,Con_Early_Pf,10509.63945,5371.815638,911.5314703,692.7194886,309.5208404,728.6327918,459.4681375,714.9339029,457.9871766,352.098468,168.0890688,384.6796091,526.1113807,222.8846243,257.3169666,233.251351,251.0228825,131.0650449,171.421231,146.6151349,233.9918315,55.16579572,75.15876867,14.43936935,32.5811411,106.9994293,49.61219213,52.94435428,56.27651644,67.38372363,23.3251351,12.95840839,29.98945942,18.14177175,25.91681678,21.47393391,23.69537534,33.69186182,17.77153151,45.90978973,30.7299399,0,23.69537534,21.84417414,0.37024024,21.84417414,33.69186182,38.87522517,12.21792791,41.46690685,9.256005994,23.69537534,22.95489486,0.740480479,14.06912911,8.145285274,9.996486473,10.36672671,9.996486473,3.702402397,13.32864863,6.294084076,7.404804795,2.591681678,9.996486473,3.332162158,17.40129127,9.626246233,2.961921918,4.072642637,13.32864863,2.221441438,5.183363356,6.294084076,2.591681678,5.183363356,2.591681678,7.404804795,5.923843836,2.221441438,5.183363356,4.813123117,1.110720719,1.480960959,1.110720719,1.480960959,0,0.740480479,1.480960959,1.110720719,4.072642637,2.961921918,0.37024024,1.851201199,0.37024024,1.851201199,2.221441438,1.851201199,0,1.110720719,2.591681678,1.480960959,2.591681678,0.740480479,1.851201199,1.480960959,0.37024024,4.072642637,1.110720719,0,0,0.37024024,1.110720719,2.591681678,1.110720719,0,2.221441438,1.851201199,0.37024024,0.740480479,0.37024024,0,2.221441438,0,0.37024024,0.740480479,0.37024024,0.740480479,0.37024024,0.37024024,0.37024024,0.37024024,0.740480479,0.740480479,0.37024024,0,0,0,0,0,0,0,1.480960959,0,0.37024024,0.37024024,0,0,0,0.37024024,0,0,0.37024024,1.110720719,0,0.37024024,0,0,0,0,0.37024024
Selection,Con_Mid_Pup_2,3221.069462,3440.474964,927.9658533,1242.439268,444.899097,499.4577757,536.2204906,498.9894609,347.2554531,321.7322943,429.4447073,138.6211923,190.6041394,218.7030298,139.557822,104.4342091,117.3128671,134.4063588,85.23330068,122.230173,75.16453165,52.68541938,136.2796181,107.4782555,98.34611617,59.71014196,68.13980906,52.68541938,50.81216002,44.4899097,23.88405678,44.02159486,58.30519745,21.54248259,14.28360259,26.4597884,14.51776001,25.99147356,22.94742711,23.88405678,11.94202839,2.809889034,24.35237162,29.03552001,1.639101936,13.81528775,25.05484388,7.024722584,23.41574195,1.873259356,10.06876904,13.81528775,17.32764904,0.702472258,11.70787097,15.6885471,22.94742711,3.044046453,3.512361292,9.600454198,9.600454198,8.66382452,8.429667101,13.81528775,5.619778067,2.107416775,0.936629678,4.683148389,6.322250325,3.746518711,2.575731614,5.151463228,5.151463228,5.385620648,6.322250325,5.853935487,10.06876904,4.917305809,5.151463228,4.21483355,3.746518711,5.385620648,6.322250325,8.195509681,2.107416775,7.024722584,0.468314839,1.873259356,0.702472258,3.512361292,3.278203872,0.936629678,0.234157419,0.936629678,0.234157419,2.107416775,0.936629678,0.702472258,0.936629678,3.980676131,0.702472258,3.278203872,0.468314839,0.468314839,1.873259356,1.404944517,1.639101936,1.170787097,2.575731614,1.404944517,0,3.512361292,0.468314839,2.809889034,0.234157419,0.234157419,1.404944517,0,0.702472258,0,0.234157419,0,1.873259356,1.404944517,0.936629678,1.873259356,0.234157419,0.702472258,0.234157419,1.170787097,0.468314839,0,0,0.234157419,0.936629678,0.702472258,0.702472258,0.468314839,0.234157419,0,0.468314839,0.234157419,0.468314839,0,0,0.234157419,0,0,0,0.468314839,0,0,0,0,0,0,0,0,0,0,0
Selection,Con_Mid_Pup_2,3638.979009,2800.463764,1164.768535,1484.378658,518.9051203,710.0806909,450.9971956,502.6662687,307.0619204,301.8950131,395.6374744,134.3395902,207.4144222,397.8518632,116.6244794,138.7683679,126.2201644,80.45612818,106.2906648,118.8388682,111.4575721,35.43022158,119.5769978,131.3870717,99.64749821,52.40720276,45.0259066,67.16979509,69.38418394,34.69209197,37.64461043,42.07338813,67.9079247,26.57266619,22.88201811,23.62014772,4.428777698,26.57266619,20.66762926,33.95396235,12.54820348,1.476259233,23.62014772,17.71511079,0,26.57266619,28.78705504,7.381296164,21.40575887,2.214388849,16.97698118,23.62014772,14.02446271,2.214388849,11.07194425,13.28633309,28.04892542,0,3.690648082,16.23885156,8.11942578,5.166907314,9.595685013,16.97698118,5.905036931,0.738129616,2.214388849,7.381296164,11.81007386,0.738129616,1.476259233,6.643166547,3.690648082,2.214388849,14.02446271,10.33381463,8.11942578,3.690648082,7.381296164,4.428777698,8.11942578,5.905036931,11.07194425,10.33381463,0.738129616,11.81007386,0.738129616,4.428777698,2.952518465,2.214388849,2.214388849,2.952518465,0,7.381296164,1.476259233,0.738129616,1.476259233,1.476259233,0,7.381296164,0,5.905036931,0,14.76259233,0.738129616,0.738129616,5.905036931,0,2.214388849,2.952518465,0,5.905036931,0.738129616,0.738129616,0,0,1.476259233,1.476259233,0.738129616,1.476259233,0.738129616,0,0,0,0,2.214388849,2.214388849,0,0.738129616,0,0,0,0,0,0.738129616,0.738129616,0,2.214388849,0,5.166907314,0.738129616,0.738129616,2.214388849,0,0.738129616,0,0,0,0,0.738129616,0,0,0,0.738129616,0,0,0,0,0,0,0
Selection,Con_Mid_Pup_2,1945.744689,3466.638702,3666.568431,1225.759651,1895.762256,1176.967276,1306.683589,1927.89382,132.0964284,396.2892852,378.4384165,70.21341689,141.6168917,59.50289567,73.78359063,233.251351,128.5262547,52.36254819,159.4677604,27.37133201,49.98243237,27.37133201,80.92393812,57.12277985,53.55260611,28.56138992,36.89179532,59.50289567,141.6168917,27.37133201,28.56138992,36.89179532,23.80115827,122.5759651,28.56138992,32.13156366,5.950289567,33.32162158,30.94150575,7.140347481,21.42104244,1.190057913,24.99121618,14.28069496,4.760231654,17.8508687,22.61110036,2.380115827,23.80115827,1.190057913,15.47075288,15.47075288,2.380115827,0,4.760231654,16.66081079,52.36254819,9.520463308,3.57017374,2.380115827,9.520463308,3.57017374,4.760231654,8.330405394,2.380115827,0,1.190057913,1.190057913,7.140347481,3.57017374,1.190057913,4.760231654,7.140347481,1.190057913,8.330405394,1.190057913,13.09063705,14.28069496,5.950289567,2.380115827,4.760231654,3.57017374,14.28069496,5.950289567,2.380115827,3.57017374,0,4.760231654,2.380115827,8.330405394,0,1.190057913,1.190057913,2.380115827,2.380115827,3.57017374,1.190057913,0,0,2.380115827,3.57017374,5.950289567,0,0,5.950289567,0,4.760231654,1.190057913,1.190057913,3.57017374,0,1.190057913,0,0,0,0,2.380115827,1.190057913,0,0,1.190057913,0,0,1.190057913,0,3.57017374,1.190057913,0,1.190057913,0,1.190057913,0,0,1.190057913,0,1.190057913,1.190057913,0,0,0,0,0,0,0,1.190057913,0,0,0,0,0,0,2.380115827,0,0,0,0,0,0,0,0,0
Selection,Fast_Early_Pf,10224.14737,4820.848034,967.1632699,689.067722,213.4954489,719.7921593,330.8785555,933.5502103,394.6908484,290.7004452,306.4565669,427.5161019,412.5477863,256.5621816,247.8963146,148.3701459,177.5189711,190.6490725,207.1930003,187.4978481,266.2784566,101.6269849,100.0513727,25.73499876,23.63418254,88.75948553,82.98224091,62.49928271,26.26020282,70.63994559,3.939030423,17.06913183,34.40086569,14.18050952,44.37974277,26.78540688,32.5626515,29.14882513,14.96831561,63.02448677,36.76428395,0,45.16754885,28.8862231,0.525204056,25.47239674,22.84637645,51.2073955,19.95775414,27.83581499,9.716275043,13.39270344,18.644744,0,10.76668316,11.55448924,6.302448677,14.44311155,8.403264902,2.626020282,17.33173386,14.18050952,2.363418254,6.565050705,11.02928518,4.464234479,3.939030423,11.29188721,6.827652733,4.989438536,18.90734603,2.363418254,3.413826367,7.35285679,6.302448677,7.35285679,2.626020282,4.201632451,9.191070987,5.77724462,3.939030423,4.201632451,2.100816226,4.201632451,3.413826367,1.838214197,0,1.575612169,3.939030423,1.838214197,3.413826367,1.313010141,0,1.050408113,0.262602028,4.464234479,1.838214197,1.313010141,0.787806085,0.787806085,1.575612169,1.313010141,2.100816226,0.262602028,0.525204056,0.787806085,0.787806085,3.413826367,1.838214197,0,0.262602028,0.525204056,0.787806085,1.575612169,0.787806085,1.575612169,1.313010141,2.363418254,0.787806085,0.787806085,0.262602028,0,2.100816226,0.262602028,0.787806085,0.262602028,0.787806085,0.787806085,0.787806085,0.262602028,0.262602028,0,1.313010141,0.525204056,0,0,0.262602028,0.787806085,0,0.262602028,0.262602028,0.262602028,0,0.262602028,0,0.262602028,0,0.262602028,1.050408113,0.525204056,0,0,0.262602028,0,0,0.525204056,0,0,0,0.262602028,0.525204056
Selection,Fast_Early_Pf,10968.76017,6345.334133,884.5684711,738.9925041,427.8377656,725.6573011,506.1820837,766.7741772,355.0497821,411.1687617,69.45418272,401.7229929,483.9567452,233.3660539,282.817432,210.585082,227.2540859,78.89995157,173.9132735,168.3569389,251.7019582,48.34011117,58.34151348,12.22393616,22.22533847,85.56755311,27.22603963,57.78588002,77.23305118,75.5661508,26.1147727,12.77956962,20.00280462,25.55913924,40.00560925,19.44717116,21.11407155,48.34011117,40.56124271,48.89574463,50.00701156,0,23.33660539,36.11617501,0,25.00350578,25.55913924,34.44927463,26.1147727,68.3429158,21.11407155,20.55843809,14.44647001,0,15.00210347,12.22393616,4.445067694,17.78027078,9.44576885,2.222533847,18.33590424,8.890135388,4.445067694,1.666900385,11.6683027,2.222533847,15.00210347,10.55703577,5.556334618,1.666900385,13.33520308,6.111968079,0,4.445067694,7.223235003,3.889434232,2.222533847,4.445067694,10.00140231,0.555633462,5.000701156,3.889434232,2.778167309,2.778167309,1.666900385,3.889434232,0,3.889434232,2.222533847,1.111266924,2.778167309,1.111266924,0,1.111266924,1.666900385,1.666900385,2.778167309,6.111968079,1.666900385,1.111266924,1.666900385,2.778167309,2.778167309,0,0,0.555633462,0,1.111266924,0,2.222533847,0,0,1.111266924,0.555633462,0.555633462,0.555633462,0.555633462,2.222533847,0.555633462,1.666900385,0,0,1.666900385,0,0,0.555633462,0,2.222533847,1.111266924,2.778167309,0.555633462,0,0,0,1.111266924,0,0,0,0,0,0.555633462,0,0.555633462,0,0,0.555633462,0,0,0.555633462,0,0,0,0,0,0,0,0,0,0,0,1.111266924
Selection,Fast_Early_Pf,9580.220298,5627.207767,981.8728156,802.2958876,427.8292703,867.2591174,528.0582534,704.3870199,377.2507557,344.3051178,57.53886065,332.704541,366.5782251,292.798557,247.7883192,240.3639501,152.1995669,72.85162195,125.2862288,149.8794515,270.9894727,38.51391479,56.61081451,11.60057674,29.23345339,92.80461395,24.5932227,31.08954567,81.66806028,69.60346046,44.5462147,15.77678437,22.27310735,22.73713042,31.55356874,9.280461395,20.88103814,22.73713042,33.40966102,45.93828391,31.55356874,0.92804614,32.48161488,18.09689972,0,17.63287665,29.69747646,53.82667609,19.952992,33.40966102,20.41701507,12.52862288,24.5932227,0,12.06459981,5.568276837,7.888392186,28.30540725,10.6725306,4.640230698,16.24080744,6.960346046,4.176207628,3.248161488,9.744484465,3.712184558,6.496322977,12.52862288,3.712184558,0,12.99264595,2.784138419,1.856092279,3.712184558,10.20850753,3.248161488,3.712184558,8.352415256,3.712184558,0.92804614,2.320115349,1.856092279,2.320115349,0.46402307,4.176207628,1.856092279,0,3.712184558,0.92804614,2.320115349,3.712184558,0,0.46402307,0.92804614,0.92804614,4.640230698,2.320115349,2.320115349,1.392069209,0,0.92804614,0.46402307,1.856092279,0,0.46402307,2.784138419,0,2.320115349,0,1.392069209,0,0.46402307,0.92804614,1.392069209,0.92804614,1.392069209,0.92804614,0,0,1.856092279,0,0,0.92804614,0,0,0,1.392069209,0.92804614,0,0.46402307,0,0,0,0,0,0,0,0.46402307,0,0,0.46402307,0,1.392069209,1.856092279,0.92804614,0.46402307,0,0.92804614,0.92804614,0,0,0,0.46402307,0,0,0.92804614,0,0,0,0,0.92804614
Selection,Fast_Mid_Pup_2,5519.935643,4536.805846,1210.043603,1030.914022,406.5334827,1107.858876,440.5950584,872.6134611,220.5425765,323.4624456,302.1433298,191.6269943,325.422824,138.4517286,161.7312228,201.1838393,347.2320344,163.2015066,175.6989193,124.7290794,98.0189229,57.09602259,59.05640105,11.76227075,65.67267834,61.01677951,35.04176494,63.22220527,70.32857718,44.84365723,14.45779113,31.85614994,32.59129186,21.31911573,41.65804223,28.67053495,25.72996726,56.60592798,15.92807497,47.2941303,33.57148109,0.980189229,26.46510918,29.40567687,0.245047307,23.27949419,22.05425765,18.13350074,21.31911573,11.51722344,14.94788574,17.88845343,9.066750368,0.490094615,13.4776019,15.43798036,22.29930496,12.25236536,6.371229989,3.430662302,6.861324603,9.556844983,6.371229989,10.53703421,5.881135374,6.371229989,6.616277296,2.940567687,3.430662302,1.715331151,6.861324603,6.371229989,2.450473073,2.205425765,3.920756916,4.410851531,5.636088067,3.430662302,3.185614994,2.205425765,4.655898838,2.69552038,5.39104076,3.185614994,2.940567687,4.655898838,0,0.490094615,1.470283844,0.735141922,2.205425765,3.185614994,0,0.980189229,1.715331151,2.940567687,2.69552038,0.735141922,0,2.450473073,0.735141922,2.450473073,0.735141922,0,0.245047307,3.185614994,1.960378458,1.225236536,1.470283844,2.69552038,0,1.715331151,1.225236536,1.470283844,2.69552038,0.490094615,0.980189229,1.470283844,1.225236536,0.490094615,0.980189229,0,0.490094615,0,0.245047307,0.245047307,2.205425765,0.980189229,0.245047307,0.980189229,0.490094615,0,0.490094615,0,0.245047307,0.490094615,0,0.245047307,0,0,0.490094615,0.490094615,0.245047307,0.490094615,0.245047307,0.490094615,1.225236536,0.245047307,0.490094615,0.245047307,0,0,0,0.490094615,0,0.245047307,0,0,0,0.490094615,0.245047307
Selection,Fast_Mid_Pup_2,5053.675964,4351.60083,1912.258698,1049.9502,552.3834387,1077.358539,624.0667857,1410.475269,238.2417121,347.8750664,293.0583893,204.5083724,244.5667133,82.22501569,170.7750326,231.9167109,229.8083772,111.741688,198.1833711,137.0416928,90.65835063,42.16667471,90.65835063,18.97500362,96.98335184,59.0333446,33.73333977,48.49167592,65.3583458,37.95000724,2.108333736,23.19167109,29.5166723,61.14167833,18.97500362,23.19167109,31.62500603,33.73333977,21.08333736,46.38334218,29.5166723,0,16.86666989,8.433334943,2.108333736,25.30000483,10.54166868,29.5166723,16.86666989,14.75833615,16.86666989,10.54166868,14.75833615,0,14.75833615,21.08333736,33.73333977,12.65000241,8.433334943,4.216667471,10.54166868,4.216667471,4.216667471,8.433334943,6.325001207,27.40833856,0,10.54166868,4.216667471,8.433334943,4.216667471,6.325001207,4.216667471,4.216667471,2.108333736,2.108333736,8.433334943,2.108333736,2.108333736,2.108333736,4.216667471,2.108333736,8.433334943,0,4.216667471,4.216667471,0,0,4.216667471,0,0,2.108333736,0,2.108333736,0,2.108333736,0,0,0,0,0,0,2.108333736,0,0,0,4.216667471,2.108333736,0,6.325001207,0,0,0,0,2.108333736,2.108333736,0,2.108333736,0,0,2.108333736,0,0,0,0,2.108333736,2.108333736,0,0,2.108333736,2.108333736,0,0,0,0,0,2.108333736,0,0,0,0,0,0,0,0,0,0,0,0,0,0,0,0,0,0,0,0,0,0,0,0
Selection,Fast_Mid_Pup_2,7117.954049,3583.697681,1115.220562,986.0351985,527.5069016,592.4983037,494.8118404,643.5344967,476.8694288,273.1233769,305.4197178,330.1403738,299.4389139,275.1169781,202.5498912,233.251351,125.5968813,113.2365533,145.5328942,147.9252158,167.0637882,67.38372363,89.71205809,26.7142573,39.47330556,125.1981611,55.82083615,62.99780079,85.72485551,55.82083615,49.04259176,13.15776852,31.10018014,31.4989004,31.4989004,22.32833446,27.91041807,25.51809652,33.89122195,39.0745853,28.70785859,1.196160775,14.35392929,20.73345343,1.196160775,13.55648878,35.08738272,30.70145988,10.76544697,31.4989004,14.35392929,11.56288749,13.15776852,0,13.15776852,15.15136981,9.968006455,17.1449711,13.95520904,5.183363356,10.76544697,13.15776852,4.38592284,4.38592284,6.778244389,3.588482324,11.96160775,12.360328,2.791041807,2.791041807,9.569286196,5.980803873,3.987202582,4.38592284,3.987202582,4.784643098,3.189762065,4.784643098,3.189762065,2.791041807,7.974405164,5.582083615,3.588482324,2.392321549,1.196160775,2.392321549,0.398720258,0.398720258,2.392321549,1.594881033,3.189762065,1.594881033,0,3.189762065,1.993601291,1.594881033,1.993601291,0.797440516,1.993601291,0.797440516,2.392321549,1.594881033,3.588482324,3.189762065,0.797440516,0.398720258,1.594881033,1.993601291,0,1.196160775,0,0.398720258,1.594881033,0.398720258,2.392321549,0.797440516,0.797440516,0,2.791041807,0.797440516,0.797440516,0,0.398720258,0,0.797440516,0.797440516,0,0.797440516,0.797440516,1.594881033,0,0,0,0.398720258,0,0.797440516,0.797440516,0.398720258,0,0,0,0.398720258,0,0.398720258,0,0,0,1.196160775,0.797440516,0,0,0,0.398720258,0,0,0.398720258,0,0,0,0,0.398720258
Selection,Slow_Early_Pf,2325.010725,5300.344377,1691.689705,871.3477123,837.3438991,1066.869638,369.7914681,1207.135367,34.00381316,327.2867017,573.8143471,102.0114395,238.0266921,199.7724023,29.75333652,378.2924214,63.75714968,102.0114395,136.0152526,8.50095329,51.00571974,4.250476645,114.7628694,25.50285987,153.0171592,8.50095329,8.50095329,42.50476645,136.0152526,51.00571974,17.00190658,38.25428981,68.00762632,29.75333652,25.50285987,0,0,17.00190658,12.75142994,8.50095329,12.75142994,8.50095329,25.50285987,0,0,42.50476645,38.25428981,0,4.250476645,8.50095329,8.50095329,34.00381316,4.250476645,0,0,0,0,0,17.00190658,8.50095329,4.250476645,0,21.25238323,17.00190658,4.250476645,165.7685892,0,12.75142994,0,8.50095329,0,8.50095329,8.50095329,0,0,8.50095329,8.50095329,0,0,0,8.50095329,0,0,0,0,4.250476645,0,4.250476645,0,4.250476645,0,0,0,0,4.250476645,0,0,0,170.0190658,0,0,0,0,4.250476645,4.250476645,0,12.75142994,0,4.250476645,0,0,0,0,0,0,0,4.250476645,8.50095329,0,0,4.250476645,0,0,0,0,8.50095329,0,0,0,0,0,0,0,0,0,0,0,0,0,4.250476645,0,0,0,0,0,0,0,0,0,0,0,0,0,0,0,0,0,0,0,0,0
Selection,Slow_Early_Pf,2011.525706,3466.834077,2080.100446,1013.382269,1066.718178,1318.158891,373.3513622,982.9046066,22.85824666,243.8212978,662.8891533,83.8135711,297.1572066,380.9707777,22.85824666,213.3436355,76.19415555,106.6718178,144.7688955,0,83.8135711,15.23883111,91.43298666,68.57473999,114.2912333,7.619415555,7.619415555,76.19415555,99.05240221,53.33590888,83.8135711,30.47766222,30.47766222,53.33590888,15.23883111,7.619415555,7.619415555,15.23883111,30.47766222,0,22.85824666,0,38.09707777,0,0,76.19415555,22.85824666,0,0,0,7.619415555,7.619415555,0,0,7.619415555,0,15.23883111,7.619415555,15.23883111,7.619415555,7.619415555,0,7.619415555,22.85824666,0,0,0,0,7.619415555,0,0,0,7.619415555,0,7.619415555,0,7.619415555,38.09707777,7.619415555,0,0,0,15.23883111,22.85824666,15.23883111,0,0,0,0,7.619415555,0,0,0,7.619415555,0,0,0,0,7.619415555,0,0,22.85824666,0,0,7.619415555,0,15.23883111,7.619415555,0,0,0,7.619415555,0,0,0,0,0,0,0,0,0,0,0,0,0,0,0,0,0,0,0,0,0,0,0,0,0,0,0,0,0,0,0,0,0,0,0,0,0,0,0,0,0,0,0,0,0,0,0,0,0
Selection,Slow_Early_Pf,3509.363792,5655.936414,1737.029161,1073.286311,910.8811453,1158.019441,254.1993894,1129.775064,21.18328245,395.4212724,776.7203565,162.4051654,430.7267431,112.9775064,112.9775064,522.5209671,275.3826718,105.9164122,141.221883,7.06109415,77.67203565,21.18328245,98.8553181,7.06109415,141.221883,35.30547075,0,70.6109415,211.8328245,42.3665649,28.2443766,127.0996947,14.1221883,28.2443766,7.06109415,70.6109415,0,70.6109415,7.06109415,0,21.18328245,0,21.18328245,0,0,56.4887532,49.42765905,0,14.1221883,0,28.2443766,14.1221883,7.06109415,0,0,28.2443766,0,0,28.2443766,0,0,7.06109415,0,28.2443766,7.06109415,861.4534863,0,0,14.1221883,0,0,7.06109415,0,0,21.18328245,21.18328245,0,0,21.18328245,0,0,0,0,7.06109415,0,14.1221883,0,28.2443766,0,0,0,0,0,0,0,0,7.06109415,0,7.06109415,0,0,0,0,0,0,0,0,0,0,0,0,0,0,0,0,0,0,0,0,0,0,0,0,0,0,7.06109415,0,0,0,0,0,0,0,0,7.06109415,0,0,0,0,0,0,0,0,0,0,0,0,0,0,0,0,0,0,0,0,0,14.1221883,0,0,0,0
Selection,Slow_Mid_Pup_2,1332.811613,1269.511853,8236.002106,1814.59312,1097.19584,3664.352773,819.3802266,1677.44364,38.68318666,218.0325066,225.0658133,42.19984,45.71649333,87.91633332,42.19984,348.14868,14.06661333,119.5662133,165.2827067,17.58326666,35.16653333,147.69944,91.43298666,309.4654933,203.9658933,14.06661333,0,45.71649333,186.3826266,10.54996,7.033306666,66.81641333,87.91633332,38.68318666,10.54996,14.06661333,3.516653333,0,14.06661333,7.033306666,0,569.6978399,49.23314666,17.58326666,397.3818266,45.71649333,7.033306666,0,109.0162533,0,14.06661333,35.16653333,28.13322666,312.9821466,3.516653333,21.09992,3.516653333,0,7.033306666,17.58326666,7.033306666,0,35.16653333,3.516653333,0,3.516653333,0,0,21.09992,3.516653333,0,7.033306666,70.33306666,0,3.516653333,24.61657333,14.06661333,3.516653333,21.09992,0,21.09992,14.06661333,0,10.54996,3.516653333,3.516653333,38.68318666,0,0,3.516653333,10.54996,0,52.74979999,24.61657333,21.09992,10.54996,0,0,0,0,3.516653333,3.516653333,0,0,3.516653333,0,0,0,3.516653333,0,17.58326666,0,10.54996,0,0,0,3.516653333,0,0,3.516653333,0,17.58326666,3.516653333,0,0,0,3.516653333,0,3.516653333,0,0,0,0,0,0,3.516653333,0,0,0,0,3.516653333,7.033306666,0,0,3.516653333,3.516653333,0,0,0,0,0,3.516653333,0,0,0,0,0,0,0,0,0
Selection,Slow_Mid_Pup_2,1166.51208,963.5530442,8143.480108,1814.574346,1466.931642,3321.695896,973.6005212,1392.580312,29.1376833,154.7311458,157.7453889,48.22788959,50.23738499,81.38456369,32.1519264,302.4290577,10.047477,169.8023613,152.7216504,9.042729299,24.1139448,106.5032562,115.5459855,220.0397463,133.6314441,5.023738499,4.0189908,58.27536659,206.9780262,20.094954,6.028486199,97.46052689,83.39405909,61.28960969,18.0854586,29.1376833,4.0189908,2.0094954,11.0522247,4.0189908,12.0569724,312.4765347,49.23263729,7.033233899,313.4812824,49.23263729,15.0712155,0,113.5364901,1.0047477,18.0854586,27.1281879,28.1329356,209.9922693,0,6.028486199,4.0189908,3.0142431,2.0094954,11.0522247,6.028486199,3.0142431,37.1756649,6.028486199,0,6.028486199,0,2.0094954,24.1139448,8.037981599,0,7.033233899,28.1329356,1.0047477,15.0712155,16.0759632,23.1091971,4.0189908,20.094954,0,12.0569724,9.042729299,9.042729299,6.028486199,9.042729299,6.028486199,24.1139448,0,7.033233899,5.023738499,17.0807109,8.037981599,26.1234402,5.023738499,11.0522247,6.028486199,6.028486199,0,0,0,5.023738499,0,0,0,7.033233899,0,2.0094954,0,3.0142431,2.0094954,10.047477,0,3.0142431,0,0,0,5.023738499,0,1.0047477,0,8.037981599,10.047477,1.0047477,15.0712155,0,0,2.0094954,0,2.0094954,2.0094954,0,0,0,2.0094954,0,2.0094954,0,0,5.023738499,0,0,0,0,0,0,0,0,0,0,0,0,0,0,0,8.037981599,1.0047477,2.0094954,0,0,1.0047477,0
Selection,Slow_Mid_Pup_2,1229.989631,1174.225852,8687.996705,2201.872629,1454.637996,2973.006024,787.0659036,1590.064315,15.93250817,250.1403783,380.7869453,65.3232835,65.3232835,57.35702941,23.89876225,305.9041569,19.1190098,114.7140588,125.8668145,4.779752451,15.93250817,98.78155065,90.81529657,251.7336291,216.6821111,4.779752451,1.593250817,58.95028023,129.0533162,19.1190098,3.186501634,132.2398178,82.84904248,55.76377859,6.373003268,25.49201307,3.186501634,1.593250817,3.186501634,3.186501634,6.373003268,551.2647827,30.27176552,12.74600654,363.2611863,54.17052778,4.779752451,0,103.5613031,0,22.30551144,28.67851471,30.27176552,307.4974077,0,20.71226062,0,3.186501634,9.559504902,14.33925735,6.373003268,1.593250817,23.89876225,6.373003268,0,1.593250817,0,1.593250817,33.45826716,17.52575899,0,9.559504902,31.86501634,0,6.373003268,23.89876225,19.1190098,3.186501634,22.30551144,0,17.52575899,15.93250817,7.966254085,6.373003268,4.779752451,1.593250817,27.08526389,0,1.593250817,4.779752451,1.593250817,3.186501634,38.23801961,4.779752451,12.74600654,0,4.779752451,1.593250817,3.186501634,0,9.559504902,0,0,3.186501634,11.15275572,1.593250817,1.593250817,0,1.593250817,3.186501634,19.1190098,1.593250817,1.593250817,0,1.593250817,0,3.186501634,0,4.779752451,0,7.966254085,1.593250817,0,12.74600654,0,0,3.186501634,0,1.593250817,0,0,0,0,1.593250817,0,1.593250817,0,0,1.593250817,0,1.593250817,0,0,0,0,0,0,0,0,0,0,0,0,0,3.186501634,0,0,0,0,0,0
