"","Con_Early_Pf_1","Con_Early_Pf_2","Con_Early_Pf_3","Con_Mid_Pup_2_1","Con_Mid_Pup_2_2","Con_Mid_Pup_2_3","Early_PF_1","Early_PF_2","Early_PF_3","Early_Pup_1","Early_Pup_2","Early_Pup_3","Fast_Early_Pf_1","Fast_Early_Pf_2","Fast_Early_Pf_3","Fast_Mid_Pup_2_1","Fast_Mid_Pup_2_2","Fast_Mid_Pup_2_3","Feed_3rd_1","Feed_3rd_2","Feed_3rd_3","Late_PF_1","Late_PF_2","Late_PF_3","Late_Pup_1","Late_Pup_2","Late_Pup_3","Mid_Pup_1_1","Mid_Pup_1_2","Mid_Pup_1_3","Mid_Pup_2_1","Mid_Pup_2_2","Mid_Pup_2_3","Slow_Early_Pf_1","Slow_Early_Pf_2","Slow_Early_Pf_3","Slow_Mid_Pup_2_1","Slow_Mid_Pup_2_2","Slow_Mid_Pup_2_3"
">FBtr0290482",0,0,0,0,0,0,0,0,0,2.68241248291413,4.45116445380148,0,0,0,0,0,0,0,0,0,0,0,0.835397474175267,0,4.93779927847742,6.65248332390696,3.96490696486932,15.1475464473126,8.82437881531606,7.70654934944374,2.37835697472,11.3135633924789,4.42456947776635,0,0,0,11.2247334169395,6.05504120506647,14.6694322393497
">FBtr0290484",0.587255397523352,0,0,1.97497137038574,0.656419296541579,1.04328513593353,0,0.810540305075662,1.71679209678385,5.36482496582826,11.869771876804,12.0748923653293,0,0,0.825143878050113,0,0,0,0.305606093975806,0.217630196438697,0.449475226540966,0,5.0123848450516,4.0646618121254,75.712922269987,126.397183154232,95.1577671568636,48.4721486314002,45.592623879133,25.4316128531643,68.9723522668799,154.618699697212,181.40734858842,3.59147684338279,0,0,221.688484984555,96.8806592810636,202.927145977671
">FBtr0290486",0,0,0,0.658323790128579,0,2.08657027186705,0,0,0.245256013826264,4.0236187243712,14.8372148460049,10.2172166168171,0.369570603100613,0,0,0,1.54985232100259,0,0,0,0,0,2.5061924225258,4.0646618121254,83.9425877341161,133.049666478139,55.5086975081704,78.7672415260253,50.004813286791,30.8261973977749,59.4589243679999,109.364446127296,168.133640155121,0,0,0,140.309167711744,99.5717887055376,130.802437467535
">FBtr0290492",4.69804318018681,4.16803816871446,9.77275372848425,0.877765053504772,1.31283859308316,0,1.84907601617437,1.21581045761349,5.27300429726469,0,1.48372148460049,0,1.10871180930184,7.28779372076288,2.88800357317539,2.95692667395308,0,5.60563273268288,4.8896975036129,2.39393216082567,2.24737613270483,0,0,4.0646618121254,4.93779927847742,6.65248332390696,0,0,2.94145960510535,0.770654934944374,0,0,0,0,0,0,0,0,0
">FBtr0290498",2.34902159009341,1.04200954217862,0.349026918874438,3.73050147739528,7.22061226195737,4.17314054373411,1.84907601617437,1.21581045761349,1.71679209678385,2.68241248291413,1.48372148460049,1.8576757485122,2.58699422170429,2.42926457358763,0.412571939025056,0.788513779720821,1.54985232100259,0.989229305767568,1.52803046987903,1.52341137507088,0.449475226540966,0,1.67079494835053,4.0646618121254,4.93779927847742,19.9574499717209,11.894720894608,7.57377322365628,2.94145960510535,1.54130986988875,7.13507092415999,26.3983145824508,0,0,0,0,8.41855006270463,9.41895298565896,8.55716880628734
">FBtr0290506",266.613950475602,255.292337833761,325.293088390976,225.36617748735,297.357941333335,494.517154432492,130.128724638271,199.392915048613,145.314188192062,563.306621411967,370.930371150124,457.917072008258,236.340400682842,304.629777527889,364.71359409815,424.417541934732,379.713818645635,237.744776486139,156.775926209589,144.724080631734,146.528923852355,418.201338119183,261.479409416859,292.655650473029,116.861249590632,286.056782927999,99.1226741217329,699.81664586584,605.940678651702,525.586665632063,570.805673932799,663.729052358762,1548.59931721822,384.288022241959,525.886827203212,372.14913663023,1344.16182667851,1087.88906984361,1102.65232332445
">FBtr0290508",5.87255397523352,8.33607633742893,4.18832302649325,1.75553010700954,0,7.30299595153469,1.15567251010898,7.70013289821879,3.8014682143071,2.68241248291413,5.93488593840198,3.71535149702441,4.61963253875766,6.80194080604536,12.7897301097767,5.71672490297596,0,7.58409134421802,8.25136453734676,5.44075491096743,5.39370271849159,5.22751672648979,10.0247696901032,0,0,0,0,3.02950928946251,4.41218940765803,1.54130986988875,4.75671394943999,3.77118779749296,0,0,5.53565081266539,0,0,0.672782356118497,2.44490537322495
">FBtr0290510",1.46813849380838,1.04200954217862,0.698053837748875,2.41385389713812,2.62567718616632,3.12985540780058,1.84907601617437,1.62108061015132,2.20730412443638,1.34120624145707,1.48372148460049,3.71535149702441,0.739141206201226,2.91511748830515,0.825143878050113,3.15405511888329,0,2.63794481538018,0.916818281927418,0.870520785754789,2.69685135924579,5.22751672648979,2.5061924225258,8.1293236242508,1.64593309282581,0,0,15.1475464473126,13.2365682229741,8.47720428438811,9.51342789887999,3.77118779749296,8.8491389555327,3.59147684338279,0,5.09793337849631,2.80618335423488,2.69112942447399,4.88981074644991
">FBtr0290516",32.0054191650227,36.4703339762516,26.8750727533317,22.1635676009955,15.7540631169979,9.38956622340175,30.2786197648553,25.1267494573455,39.6088462329417,52.3070434168255,112.762832829638,93.8126252998663,36.4027044054104,20.4058224181361,17.3280214390524,22.2755142771132,10.8489662470181,28.0281636634144,33.0054581493871,33.9503106444368,35.9580181232773,31.3651003589387,30.9097065444849,52.8406035576302,64.1913906202064,26.6099332956278,59.4736044730398,209.036140972913,223.550929988007,144.883127769542,154.5932033568,135.762760709747,22.1228473888318,3.59147684338279,0,10.1958667569926,50.5113003762278,36.3302472303988,37.8960332849868
">FBtr0290526",0.880883096285028,0,0.349026918874438,0.877765053504772,3.28209648270789,0,1.61794151415257,2.02635076268915,0.490512027652529,1.34120624145707,1.48372148460049,0,0.923926507751532,2.91511748830515,1.65028775610023,0.197128444930205,0,0,3.05606093975806,1.30578117863218,6.29265317157352,0,1.67079494835053,0,0,0,0,0,0,0,2.37835697472,0,0,0,0,10.1958667569926,0,0,0
">FBtr0290528",1.76176619257006,0,1.74513459437219,1.31664758025716,4.59493507579105,3.12985540780058,0.924538008087185,0.810540305075662,1.59416408987072,2.68241248291413,1.48372148460049,3.71535149702441,1.29349711085215,1.9434116588701,1.23771581707517,2.36554133916246,1.54985232100259,3.29743101922522,0.305606093975806,0.652890589316091,0.898950453081931,2.61375836324489,0.835397474175267,0,0,0,3.96490696486932,1.51475464473126,0,1.54130986988875,2.37835697472,3.77118779749296,8.8491389555327,7.18295368676558,0,0,0,2.69112942447399,6.11226343306239
">FBtr0290530",18.2049173232239,13.546124048322,16.0552382682241,10.0942981153049,9.84628944812368,13.5627067671359,10.169918088959,10.9422941185214,16.677408940186,17.4356811389418,7.41860742300247,11.1460544910732,10.3479768868172,21.3775282475711,8.66401071952618,21.8812573872528,9.29911392601555,11.5410085672883,9.47378891324999,13.7107023756379,13.484256796229,26.1375836324489,10.8601671642785,24.3879708727524,39.5023942278193,13.3049666478139,23.7894417892159,13.6327918025813,7.35364901276338,3.85327467472187,14.27014184832,0,0,3.59147684338279,5.53565081266539,15.2938001354889,0,1.34556471223699,0
">FBtr0290534",15.8558957331305,12.5041145061434,15.3571844304753,2.41385389713812,4.59493507579105,1.04328513593353,5.54722804852311,7.29486274568096,5.64088831800408,1.34120624145707,1.48372148460049,2.78651362276831,17.3698183457288,14.0897345268082,22.278884707353,6.50523868269678,12.3988185680207,12.2004947711333,10.3906071951774,9.14046825042528,7.19160362465545,5.22751672648979,8.35397474175267,0,3.29186618565161,0,0,1.51475464473126,1.47072980255268,2.31196480483312,0,0,0,0,0,0,0,0,0
">FBtr0290535",2.05539389133173,1.04200954217862,3.83929610761881,1.75553010700954,1.96925788962474,1.04328513593353,1.38680701213078,3.64743137284048,2.45256013826264,0,2.96744296920099,2.78651362276831,3.88049133255644,4.37267623245773,4.12571939025056,1.97128444930205,1.54985232100259,2.63794481538018,4.27848531566128,4.57023412521264,6.29265317157352,0,1.67079494835053,0,3.29186618565161,26.6099332956278,7.92981392973864,0,1.47072980255268,0,0,0,0,0,0,0,0,0,0
">FBtr0290556",2.64264928885508,7.29406679525031,3.83929610761881,1.31664758025716,1.96925788962474,1.04328513593353,4.85382454245772,6.4843224406053,3.92409622122023,2.68241248291413,2.96744296920099,0.928837874256102,2.58699422170429,1.9434116588701,5.77600714635079,2.16841289423226,4.64955696300777,6.26511893652793,4.58409140963709,6.74653608959961,12.1358311166061,2.61375836324489,3.34158989670107,4.0646618121254,0,0,3.96490696486932,3.02950928946251,2.94145960510535,2.31196480483312,2.37835697472,0,0,3.59147684338279,5.53565081266539,10.1958667569926,2.80618335423488,1.34556471223699,2.44490537322495
">FBtr0290566",167.074160595394,153.175402700257,203.831720622672,245.55477371796,183.1409837351,533.118704462032,280.135016450417,315.70544882697,259.848746648927,257.511598359757,359.06059927332,300.943471258977,106.251548391426,208.430900413818,229.802570036956,168.544820415326,212.329767977355,189.60228360545,364.588070113137,563.879838972664,643.648524406663,146.370468341714,137.840583238919,121.939854363762,1078.0861758009,1091.00726512074,781.086672079256,272.655836051626,401.50923609688,298.243459823473,161.72827428096,414.830657724226,243.351321277149,136.476120048546,132.855619503969,76.4690006774446,283.424518777723,309.479883814509,289.721286727157
">FBtr0290568",1.46813849380838,0,2.44318843212106,3.2916189506429,5.90777366887421,0,1.84907601617437,2.43162091522699,2.08467611752325,5.36482496582826,1.48372148460049,7.43070299404882,1.84785301550306,1.45755874415258,1.65028775610023,0.985642224651027,0,2.30820171345766,0.611212187951612,1.08815098219349,1.79790090616386,0,0,0,8.22966546412903,6.65248332390696,3.96490696486932,6.05901857892503,0,0,4.75671394943999,7.54237559498593,4.42456947776635,7.18295368676558,0,15.2938001354889,8.41855006270463,4.70947649282948,9.77962149289982
">FBtr0290572",3723.49284799681,4285.78524698065,4697.90232804993,1492.20059095811,1541.92892757617,794.983273581348,2176.82474004128,2367.18296097347,2015.39129361733,1844.15858200346,1663.25178423715,1617.10673907987,3387.11457741712,4575.76275080966,4068.7844626651,2135.88670081877,1808.67765861002,2837.10964894138,4084.73105208062,3417.44697467686,3918.52502498414,1976.00132261314,1813.6479164345,2670.48281056639,1843.4450639649,1882.65278066567,2926.10134007356,1460.22347752093,1350.12995874336,1083.54083853179,1315.23140702016,1210.55128299524,367.239266654607,987.656131930268,747.312859709828,1147.03501016167,502.306820408043,366.666384084581,440.082967180492
">FBtr0290575",156.209935741212,98.9909065069685,139.959794468649,200.130432199088,217.274787155263,778.290711406411,356.40940211761,370.01164926704,298.353940819651,146.19148031882,170.627970729057,104.95867979094,71.8814823030692,174.421196383592,192.671095524701,155.731471494862,195.281392446326,200.813549070816,585.235669963669,829.171048431436,961.427509571126,130.687918162245,116.955646384537,272.332341412402,306.1435552656,252.794366308464,170.490999489381,162.078746986244,261.789904854376,255.086783466588,268.75433814336,509.11035266155,336.267280310243,337.598823277982,381.959906073912,351.757403116245,418.121319780997,452.782525667749,532.98937136304
">FBtr0290579",15.2686403356071,7.29406679525031,11.8669152417309,9.4359743251763,8.53345085504052,7.30299595153469,3.00474852628335,5.2685119829918,6.25402835256974,9.38844369019946,4.45116445380148,10.2172166168171,5.35877374495889,10.6887641237856,11.5520142927016,7.88513779720821,3.09970464200518,12.8599809749784,5.1953035975887,6.96416628603831,6.74212839811449,13.0687918162245,10.0247696901032,0,9.87559855695483,6.65248332390696,19.8245348243466,9.08852786838754,13.2365682229741,4.62392960966624,7.13507092415999,7.54237559498593,4.42456947776635,7.18295368676558,11.0713016253308,10.1958667569926,2.80618335423488,4.70947649282948,2.44490537322495
">FBtr0290587",204.658506036888,141.713297736292,200.690478352802,154.706090680216,128.658182122149,51.1209716607428,147.001543285862,105.370239659836,112.817766360082,182.404048838161,274.488474651091,187.625250599733,132.306275910019,150.128550647715,155.127049073421,86.3422588794299,80.5923206921347,184.32639397469,145.162894638508,136.018872774186,158.664754968961,164.666776884428,144.523763032321,105.68120711526,753.837356514219,365.886582814883,737.472695465693,180.25580272302,279.438662485008,215.783381784425,173.62005915456,365.805216356818,4.42456947776635,10.7744305301484,5.53565081266539,0,8.41855006270463,8.07338827342197,3.66735805983743
">FBtr0290596",14.6813849380838,17.7141622170365,5.584430701991,44.1076939386148,54.482801612951,26.0821283983382,21.7266431900488,14.5897254913619,22.1956692512769,118.026149248222,135.018655098645,128.179626647342,8.5001238713141,3.40097040302268,3.71314745122551,3.94256889860411,3.09970464200518,10.5517792615207,11.6130315710806,8.48757766110919,6.74212839811449,36.5926170854285,44.2760661312891,40.646618121254,141.550245983019,93.1347665346974,166.526092524511,299.921419656789,269.14355386714,256.628093336476,230.70062654784,162.161075292197,39.8211252998972,10.7744305301484,33.2139048759924,5.09793337849631,109.44115081516,63.2415414751387,73.3471611967486
">FBtr0290599",486.834724546859,210.48592752008,310.633957798249,566.816783300707,658.388554431203,540.421700413567,257.021566248237,259.372897624212,293.203564529299,692.062420591846,688.446768854629,423.550070660783,232.644694651836,309.488306675064,354.399295622523,405.296082776502,354.916181509593,406.902987772393,304.689275693879,266.379360440965,289.012570665841,486.15905556355,365.904093688767,475.565432018672,1515.90437849257,911.390215375253,1189.4720894608,658.918270458097,933.913424620949,890.877104795696,1163.01656063808,980.508827348171,415.909530910037,366.330638025045,409.638160137239,392.540870144216,721.189122038363,600.794644013818,810.486131224072
">FBtr0290601",68.1216261127088,62.520572530717,57.9384685331566,59.0296998481959,33.4773841236205,18.7791324468035,64.2553915620593,53.4956601349937,68.3037998506147,138.144242870078,222.558222690074,183.909899102708,65.0444261457079,31.0945865419216,35.4811867561548,63.4753592675261,37.1964557040622,46.1640342691531,35.1447008072177,54.1899189132356,73.7139371527184,57.5026839913877,60.9840156147945,89.4225598667588,46.0861265991226,46.5673832673487,39.6490696486932,240.84598851227,186.78268492419,169.544085687762,137.94470453376,79.1949437473523,84.0668200775607,39.5062452772107,33.2139048759924,15.2938001354889,33.6742002508185,62.5687591190202,35.4511279117618
">FBtr0290603",1.46813849380838,5.21004771089308,1.39610767549775,2.41385389713812,1.31283859308316,0,1.38680701213078,0.405270152537831,2.45256013826264,4.0236187243712,7.41860742300247,3.71535149702441,1.47828241240245,0.485852914717526,0,0.788513779720821,0,1.97845861153514,3.05606093975806,2.39393216082567,2.69685135924579,0,4.17698737087633,0,0,0,3.96490696486932,10.6032825131188,1.47072980255268,4.62392960966624,2.37835697472,0,0,0,0,0,0,0,0
">FBtr0290611",101.007928374017,80.2347347477534,78.8800836656229,195.522165668188,158.19705046652,150.233059574428,124.350362087726,145.491984761081,130.598827362486,162.285955216305,148.372148460049,127.250788773086,101.631915852669,30.6087336272041,23.9291724634533,116.502910953751,91.4412869391529,122.994177017101,157.38713839754,230.905638421458,200.01647581073,154.211743431449,111.943261539486,178.845119733518,18.1052640210839,19.9574499717209,11.894720894608,83.3115054602191,51.4755430893437,46.2392960966624,104.64770688768,71.6525681523663,97.3405285108597,254.994855880178,199.283429255954,214.113201896845,81.3793172728114,49.1131119966503,141.804511647047
">FBtr0290613",85.152032640886,109.411001928755,172.768324842847,143.295144984654,120.78115056365,179.445043380567,146.770408783841,185.613729862327,148.134632351064,45.6010122095402,43.0279230534143,66.8763269464394,102.55584236042,170.534373065851,151.001329683171,124.58517719589,116.238924075194,108.815223634432,178.168352787895,223.288581546103,256.20087912835,86.2540259870815,86.0459398400525,105.68120711526,18.1052640210839,13.3049666478139,27.7543487540852,43.9278846972064,47.0633536816856,34.6794720724968,19.02685579776,37.7118779749296,53.0948337331962,118.518735831632,77.4991113773155,117.252467705415,101.022600752456,59.8776296945462,80.6818773164235
">FBtr0290615",26.1328651897892,33.3443053497157,25.1299381589595,27.2107166586479,27.5696104547463,25.0388432624047,26.5804677325066,29.1794509827238,32.0059098043275,12.0708561731136,34.1255941458114,36.224677095988,19.9568125674331,26.7219103094639,15.6777336829521,23.6554133916246,17.0483755310285,27.3686774595694,27.5045484578225,21.1101290545536,25.1706126862941,41.8201338119183,31.7451040186601,16.2586472485016,34.5645949493419,46.5673832673487,27.7543487540852,43.9278846972064,57.3584622995544,36.2207819423856,14.27014184832,18.8559389874648,35.3965558221308,14.3659073735312,22.1426032506616,35.6855336494742,16.8371001254093,22.2018177519104,23.2266010456371
">FBtr0290619",24.3710989972191,17.7141622170365,16.0552382682241,40.5966337245957,43.9800928682858,26.0821283983382,9.01424557885005,8.10540305075662,7.84819244244046,44.2598059680831,34.1255941458114,26.0074604791709,9.79362098216624,7.77364663548041,14.440017865877,23.4582849466944,40.2961603460674,15.8276688922811,5.1953035975887,5.22312471452873,2.69685135924579,28.7513419956938,19.2141419060311,20.323309060627,1127.46416858568,651.943365742882,1078.45469444445,37.8688661182814,20.5902172357375,28.5142325929418,49.9454964691199,49.0254413674085,53.0948337331962,64.6465831808902,38.7495556886578,35.6855336494742,81.3793172728114,42.3852884354653,79.459424629811
">FBtr0290632",12.0387356492287,13.546124048322,10.4708075662331,11.1915044321858,10.5027087446653,5.21642567966764,5.08495904447952,5.67378213552963,7.35768041478793,22.8005061047701,11.869771876804,17.6479196108659,8.13055326821348,11.6604699532206,9.07658265855124,11.4334498059519,1.54985232100259,7.2543482422955,6.72333406746773,4.57023412521264,4.49475226540966,7.84127508973468,17.5433469576806,4.0646618121254,23.0430632995613,13.3049666478139,7.92981392973864,15.1475464473126,14.7072980255268,18.495718438665,26.16192672192,18.8559389874648,8.8491389555327,0,0,0,2.80618335423488,3.36391178059249,3.66735805983743
">FBtr0293664",13.2132464442754,3.12602862653585,9.77275372848425,11.410945695562,13.1283859308316,13.5627067671359,20.3398361779181,20.6687777794294,10.3007525807031,2.68241248291413,1.48372148460049,0.928837874256102,1.29349711085215,11.1746170385031,19.8034530732027,6.11098179283637,1.54985232100259,18.4656137076613,58.0651578554032,38.7381749660881,115.964608447569,18.2963085427143,13.3663595868043,20.323309060627,3.29186618565161,0,0,1.51475464473126,1.47072980255268,0.770654934944374,0,0,4.42456947776635,7.18295368676558,38.7495556886578,10.1958667569926,5.61236670846975,2.69112942447399,0
">FBtr0297026",8.5152032640886,6.2520572530717,5.93345762086544,8.99709179842391,8.53345085504052,15.6492770390029,14.3303391253514,18.2371568642024,16.1868969125335,2.68241248291413,7.41860742300247,6.50186511979272,6.46748555426073,16.0331461856783,14.0274459268519,5.91385334790616,6.19940928401037,15.4979257903586,27.1989423638467,17.1927855186571,34.1601172171134,5.22751672648979,7.5185772675774,8.1293236242508,3.29186618565161,13.3049666478139,0,10.6032825131188,13.2365682229741,8.47720428438811,0,3.77118779749296,0,3.59147684338279,11.0713016253308,5.09793337849631,2.80618335423488,3.36391178059249,0
">FBtr0297109",70.7642754015639,53.1424866511094,68.0602491805153,53.5436682637911,53.1699630198679,13.5627067671359,26.8116022345284,29.9899912877995,39.7314742398548,67.0603120728533,37.0930371150124,62.2321375751589,66.5227085581103,71.4203784634763,69.3120857562095,48.2964690079003,38.7463080250648,56.0563273268288,35.1447008072177,31.1211180907337,26.519038365917,54.8889256281428,32.5805014928354,73.1639126182572,42.7942604134709,39.9148999434417,39.6490696486932,81.7967508154878,82.3608689429498,61.6523947955499,40.4320685702399,22.6271267849578,4.42456947776635,7.18295368676558,0,0,8.41855006270463,2.69112942447399,2.44490537322495
">FBtr0297121",0,0,0,0,0,1.04328513593353,0,0,0,0,2.96744296920099,0,0,0,0.412571939025056,0,0,0,0,0,0,0,1.67079494835053,0,16.4593309282581,33.2624166195348,7.92981392973864,1.51475464473126,4.41218940765803,0.770654934944374,9.51342789887999,11.3135633924789,13.2737084332991,0,0,0,28.0618335423488,7.40060591730347,13.4469795527372
">FBtr0297123",30.830908369976,28.1342576388226,30.7143688609505,17.9941835968478,17.066901710081,10.4328513593353,13.1746666152424,14.9949956438997,14.2248488019233,18.7768873803989,19.2883792998064,26.936298353427,21.9894508844865,34.9814098596618,32.5931831829794,17.7415600437185,17.0483755310285,22.4225309307315,27.8101545517983,17.4104157150958,26.9685135924579,33.9788587221836,16.7079494835053,36.5819563091286,11.5215316497806,19.9574499717209,11.894720894608,16.6623010920438,10.2951086178687,7.70654934944374,11.8917848736,7.54237559498593,4.42456947776635,17.957384216914,22.1426032506616,15.2938001354889,2.80618335423488,6.72782356118497,8.55716880628734
">FBtr0297157",29.0691421774059,36.4703339762516,20.9416151324663,34.8911608768147,19.6925788962474,13.5627067671359,31.2031577729425,21.8845882370429,31.1475137559356,52.3070434168255,60.8325808686203,91.026111677098,27.717795232546,10.6887641237856,9.90172653660135,13.6018627001842,20.1480801730337,20.7738154211189,29.3381850216774,22.6335404296245,25.1706126862941,28.7513419956938,31.7451040186601,24.3879708727524,6.58373237130322,0,3.96490696486932,84.8262601049504,58.829192102107,39.303401682163,9.51342789887999,11.3135633924789,0,3.59147684338279,0,0,0,0.672782356118497,0
">FBtr0304183",11.745107950467,12.5041145061434,13.2630229172286,5.26659032102863,3.93851577924947,10.4328513593353,10.169918088959,15.4002657964376,12.7533127189658,13.4120624145707,10.3860503922035,9.28837874256102,11.456688696119,19.9199695034185,13.6148739878269,12.2219635856727,13.9486708890233,11.5410085672883,13.7522742289113,16.7575251257797,24.7211374597531,20.9100669059592,10.0247696901032,8.1293236242508,3.29186618565161,6.65248332390696,7.92981392973864,7.57377322365628,14.7072980255268,5.39458454461061,4.75671394943999,0,0,0,11.0713016253308,10.1958667569926,0,5.38225884894798,2.44490537322495
">FBtr0304185",0.880883096285028,0,0.698053837748875,0.219441263376193,0.656419296541579,1.04328513593353,0.693403506065389,3.24216122030265,1.10365206221819,0,0,0,0.184785301550306,0.485852914717526,0,1.37989911451144,0,0.989229305767568,1.22242437590322,0.870520785754789,0.449475226540966,2.61375836324489,3.34158989670107,0,0,0,3.96490696486932,4.54426393419377,0,0,2.37835697472,3.77118779749296,4.42456947776635,0,0,0,0,3.36391178059249,1.22245268661248
">FBtr0304193",2.05539389133173,2.08401908435723,2.7922153509955,2.85273642389051,0.656419296541579,1.04328513593353,2.08021051819617,0.810540305075662,2.57518814517578,0,1.48372148460049,0.928837874256102,1.10871180930184,0.971705829435051,0,0.591385334790616,4.64955696300777,0.989229305767568,1.83363656385484,0.870520785754789,1.79790090616386,0,0,0,24.6889963923871,19.9574499717209,27.7543487540852,16.6623010920438,2.94145960510535,8.47720428438811,14.27014184832,11.3135633924789,4.42456947776635,3.59147684338279,0,0,2.80618335423488,4.03669413671098,3.66735805983743
">FBtr0304200",38.7588562365412,36.4703339762516,33.506584211946,64.9546139593531,50.5442858337016,33.3851243498729,31.8965612790079,31.6110718979508,41.0803823158993,48.2834246924543,22.2558222690074,40.8688664672685,31.967857168203,23.3209399064412,23.5166005244282,23.064028056834,29.4471940990492,31.6553377845622,38.5063678409516,36.5618730017011,25.1706126862941,28.7513419956938,29.2389115961343,24.3879708727524,34.5645949493419,19.9574499717209,39.6490696486932,74.2229775918316,64.7121113123177,72.4415638847711,14.27014184832,30.1695023799437,44.2456947776635,35.9147684338279,33.2139048759924,20.3917335139852,33.6742002508185,35.6574648742803,41.5633913448242
">FBtr0304204",4.99167087894849,2.08401908435723,3.49026918874438,5.92491411115721,7.87703155849895,6.25971081560116,4.39155553841413,6.07905228806746,4.90512027652529,5.36482496582826,2.96744296920099,3.71535149702441,3.51092072945582,5.83023497661031,1.65028775610023,6.11098179283637,6.19940928401037,6.26511893652793,5.1953035975887,7.3994266789157,5.39370271849159,2.61375836324489,5.84778231922687,16.2586472485016,13.1674647426064,0,15.8596278594773,7.57377322365628,0,3.85327467472187,4.75671394943999,3.77118779749296,4.42456947776635,0,0,10.1958667569926,11.2247334169395,2.69112942447399,8.55716880628734
">FBtr0304251",7.63432016780357,7.29406679525031,9.77275372848425,6.80267916466198,8.53345085504052,8.34628108746822,6.2406315545885,8.91594335583228,7.72556443552733,12.0708561731136,17.8046578152059,12.0748923653293,9.60883568061594,10.202911209068,8.66401071952618,9.06790846678945,12.3988185680207,5.27588963076036,11.001819383129,14.5812231613927,10.7874054369832,5.22751672648979,6.68317979340213,0,3.29186618565161,19.9574499717209,3.96490696486932,3.02950928946251,10.2951086178687,3.08261973977749,7.13507092415999,15.0847511899719,39.8211252998972,10.7744305301484,27.678254063327,10.1958667569926,16.8371001254093,13.4556471223699,23.2266010456371
">FBtr0304255",1.76176619257006,0,1.39610767549775,2.19441263376193,3.28209648270789,2.08657027186705,1.38680701213078,0.405270152537831,0.981024055305058,0,4.45116445380148,3.71535149702441,1.10871180930184,0,0.412571939025056,1.37989911451144,1.54985232100259,1.64871550961261,1.83363656385484,1.74104157150958,0.898950453081931,0,0,0,37.8564611349935,6.65248332390696,31.7192557189545,6.05901857892503,1.47072980255268,6.16523947955499,2.37835697472,11.3135633924789,8.8491389555327,7.18295368676558,5.53565081266539,0,39.2865669592883,10.0917353417775,9.77962149289982
">FBtr0304280",126.553538166282,134.419230941041,174.164432518344,63.4185251157198,63.0162524679916,30.2552689420723,100.31237387746,111.854562100441,134.890807604445,68.4015183143103,54.8976949302183,84.5242465573053,140.991185082884,167.133402662829,149.35104192707,70.5719832850135,69.7433544451166,127.280837342094,214.22987187704,196.084806991266,239.570295746335,67.9577174443673,85.2105423658772,142.263163424389,36.2105280421677,6.65248332390696,63.4385114379091,65.134449723444,58.829192102107,44.6979862267737,64.2156383174399,33.9406901774367,17.6982779110654,28.7318147470623,49.8208573139885,86.6648674344372,22.449466833879,11.4373000540145,20.7816956724121
">FBtr0304286",3.52353238514011,4.16803816871446,4.88637686424213,1.09720631688097,0.656419296541579,0,0.231134502021796,2.02635076268915,1.10365206221819,1.34120624145707,0,0,6.28270025271042,3.8868233177402,5.36343520732573,2.36554133916246,1.54985232100259,2.63794481538018,2.75045484578225,1.30578117863218,2.69685135924579,2.61375836324489,2.5061924225258,0,0,0,0,3.02950928946251,0,0,0,0,0,0,0,0,0,0,0
">FBtr0304301",349.416961526394,478.282379859985,411.851764271836,431.640965060972,483.781021551144,1579.53369580336,399.169284991642,600.205095908528,426.7454640577,438.57444095646,470.339710618357,465.347775002307,333.537469298303,386.253067200433,416.285086476282,468.377185154168,688.13443052515,449.439847920398,433.043835163717,514.47778438108,622.073713532697,444.338921751632,469.4933804865,333.302268594283,467.444998362529,791.645515544928,384.595975592324,666.492043681753,613.294327664466,674.323068076327,1201.0702722336,2794.45015794229,2964.46155010346,664.423216025816,675.349399145178,657.633405826024,3218.6923073074,2632.59735949168,3244.38943026951
">FBtr0304320",7.04706477028022,8.33607633742893,9.07469989073538,7.89988548154295,6.56419296541579,1.04328513593353,3.69815203234874,1.21581045761349,2.20730412443638,10.7296499316565,8.90232890760296,11.1460544910732,7.02184145891165,6.80194080604536,9.4891545975763,3.5483120087437,3.09970464200518,5.9353758346054,2.75045484578225,2.17630196438697,2.24737613270483,0,10.0247696901032,16.2586472485016,13.1674647426064,13.3049666478139,23.7894417892159,13.6327918025813,11.7658384204214,6.93589441449936,21.40521277248,11.3135633924789,0,0,0,5.09793337849631,16.8371001254093,13.4556471223699,13.4469795527372
">FBtr0304322",4.69804318018681,8.33607633742893,4.88637686424213,4.16938400414767,3.28209648270789,6.25971081560116,1.15567251010898,2.43162091522699,2.08467611752325,6.70603120728533,8.90232890760296,5.57302724553661,4.80441784030797,7.28779372076288,6.6011510244009,2.56266978409267,4.64955696300777,3.95691722307027,0.611212187951612,1.74104157150958,0.898950453081931,7.84127508973468,10.0247696901032,0,3.29186618565161,0,0,1.51475464473126,7.35364901276338,7.70654934944374,0,0,4.42456947776635,0,0,0,2.80618335423488,1.34556471223699,3.66735805983743
">FBtr0304338",11.4514802517054,13.546124048322,19.1964805380941,0.658323790128579,1.31283859308316,1.04328513593353,2.77361402426155,7.70013289821879,3.55621220048083,0,0,0.928837874256102,10.5327621883675,29.1511748830515,12.3771581707517,4.13969734353431,3.09970464200518,13.8492102807459,14.0578803228871,10.0109890361801,19.3274347412615,7.84127508973468,4.17698737087633,0,0,0,0,1.51475464473126,1.47072980255268,0.770654934944374,0,0,0,3.59147684338279,0,0,0,0,0
">FBtr0304381",1217.38043906591,1875.61717592151,2384.55190975016,1550.13308448943,1215.688537195,1414.69464432586,1614.24336212022,2158.87410256903,1490.66605203604,457.351328336859,400.604800842133,596.313915272418,1608.74083529697,2635.75206234258,2395.8052499185,1727.83081981325,1503.35675137251,1411.95996243224,1822.63474447171,2566.51290660156,2844.27923355123,713.556033165856,1041.74065029656,979.583496722222,162.947376189755,332.624166195348,229.96460396242,302.950928946251,276.497202879903,201.911592955426,140.32306150848,369.576404154311,318.569002399177,2068.69066178849,1062.84495603176,1830.15808288017,468.632620157224,326.97222507359,425.413534941142
">FBtr0304382",136.536879924179,166.721526748579,242.573708617734,91.2875655644963,91.898701515821,53.2075419326099,100.31237387746,97.2648366090794,92.5841452194149,40.236187243712,47.4790875072158,39.0111907187563,138.58897616273,209.402606243254,163.378487853922,128.527746094494,83.6920253341399,119.037259794031,164.416078558984,190.644052080299,169.901635632485,107.164092893041,76.0211701499493,146.327825236514,27.9808625780387,13.3049666478139,43.6139766135625,25.7508289604314,33.8267854587115,22.3489931133868,16.64849882304,41.4830657724226,13.2737084332991,96.9698747713354,110.713016253308,152.938001354889,14.0309167711744,17.4923412590809,20.7816956724121
">FBtr0304388",4.11078778266346,5.21004771089308,5.93345762086544,2.19441263376193,2.62567718616632,1.04328513593353,1.61794151415257,2.02635076268915,1.10365206221819,1.34120624145707,0,1.8576757485122,3.32613542790552,3.8868233177402,5.77600714635079,1.37989911451144,1.54985232100259,3.95691722307027,2.13924265783064,1.08815098219349,7.19160362465545,0,0.835397474175267,4.0646618121254,6.58373237130322,0,0,1.51475464473126,2.94145960510535,0.770654934944374,7.13507092415999,11.3135633924789,0,7.18295368676558,0,0,0,0,1.22245268661248
">FBtr0304447",0.587255397523352,2.08401908435723,1.39610767549775,4.38882526752386,3.93851577924947,4.17314054373411,1.15567251010898,2.43162091522699,1.22628006913132,5.36482496582826,5.93488593840198,2.78651362276831,1.10871180930184,0.485852914717526,1.23771581707517,2.36554133916246,6.19940928401037,1.31897240769009,0.916818281927418,0.652890589316091,0,0,1.67079494835053,4.0646618121254,1.64593309282581,0,0,4.54426393419377,5.8829192102107,6.93589441449936,4.75671394943999,3.77118779749296,4.42456947776635,7.18295368676558,5.53565081266539,0,2.80618335423488,5.38225884894798,12.2245268661248
">FBtr0304459",71.6451584978489,52.1004771089308,107.151264094452,51.3492556300292,51.2007051302431,55.2941122044769,59.8638360236452,53.4956601349937,63.6439355879156,25.4829185876842,43.0279230534143,37.1535149702441,58.2073699883465,83.0808484166969,63.5360786098587,137.201397671423,66.6436498031114,50.4506945941459,47.6745506602257,70.5121836461379,75.9613132854232,62.7302007178775,52.6300408730418,85.3578980546334,220.555034438658,246.141882984557,281.508394505722,27.2655836051626,14.7072980255268,19.2663733736093,40.4320685702399,26.3983145824508,13.2737084332991,17.957384216914,27.678254063327,91.7628008129335,8.41855006270463,5.38225884894798,7.33471611967486
">FBtr0304494",31.4181637674993,18.7561717592151,25.8279919967084,22.6024501277479,32.1645455305374,52.1642567966764,16.1794151415257,16.2108061015132,12.5080567051395,46.9422184509973,50.4465304764168,14.8614059880976,10.1631915852669,33.0379982007917,33.8308990000546,30.9491658540422,23.2477848150389,36.2717412114775,19.8643961084274,17.1927855186571,14.8326824758519,54.8889256281428,13.3663595868043,16.2586472485016,60.8995244345548,53.2198665912557,15.8596278594773,37.8688661182814,50.004813286791,43.9273312918293,57.0805673932799,45.2542535699156,48.6702642554299,61.0551063375074,49.8208573139885,71.3710672989483,72.9607672101068,62.5687591190202,39.1184859715993
">FBtr0304511",11.745107950467,15.6301431326792,13.9610767549775,5.04714905765244,0,2.08657027186705,19.8775671738745,14.9949956438997,17.4131769816648,10.7296499316565,16.3209363306054,17.6479196108659,11.0871180930184,9.23120537963299,10.7268704146515,9.85642224651027,12.3988185680207,8.90306375190811,16.5027290746935,13.0578117863218,25.1706126862941,0,12.530962112629,12.1939854363762,49.3779927847742,19.9574499717209,67.4034184027784,21.2065650262376,19.1194874331848,23.8903029832756,16.64849882304,3.77118779749296,0,0,5.53565081266539,0,2.80618335423488,2.01834706835549,0
">FBtr0445579",1.76176619257006,0,1.04708075662331,5.04714905765244,5.90777366887421,0,5.54722804852311,4.45797167791614,3.4335841935677,2.68241248291413,4.45116445380148,0.928837874256102,1.29349711085215,0.971705829435051,2.47543163415034,0.985642224651027,1.54985232100259,1.31897240769009,7.02894016144354,11.9696608041283,10.3379302104422,7.84127508973468,2.5061924225258,4.0646618121254,1.64593309282581,0,0,3.02950928946251,1.47072980255268,2.31196480483312,4.75671394943999,3.77118779749296,0,7.18295368676558,0,0,5.61236670846975,3.36391178059249,3.66735805983743
">FBtr0445611",20.847566612079,10.4200954217862,11.8669152417309,7.46100295479056,9.1898701515821,12.5194216312023,14.3303391253514,16.2108061015132,15.0832448503153,8.04723744874239,5.93488593840198,16.7190817366098,14.7828241240245,17.0048520151134,14.440017865877,17.1501747089279,4.64955696300777,11.8707516692108,15.8915168867419,17.6280459115345,24.2716622332121,2.61375836324489,6.68317979340213,12.1939854363762,4.93779927847742,0,0,10.6032825131188,11.7658384204214,6.16523947955499,2.37835697472,11.3135633924789,4.42456947776635,17.957384216914,0,5.09793337849631,2.80618335423488,6.05504120506647,3.66735805983743
">FBtr0445620",2.34902159009341,2.08401908435723,3.83929610761881,3.73050147739528,3.28209648270789,1.04328513593353,3.00474852628335,3.64743137284048,2.20730412443638,5.36482496582826,5.93488593840198,1.8576757485122,0.923926507751532,2.42926457358763,2.47543163415034,2.36554133916246,1.54985232100259,1.97845861153514,3.97287922168548,3.69971333945785,3.59580181232773,2.61375836324489,1.67079494835053,4.0646618121254,8.22966546412903,0,0,3.02950928946251,5.8829192102107,5.39458454461061,7.13507092415999,7.54237559498593,13.2737084332991,7.18295368676558,5.53565081266539,0,14.0309167711744,14.1284294784884,8.55716880628734
">aae-bantam-3p",46.9804318018681,38.5543530606088,49.2127955612957,29.1856880290337,21.0054174893305,12.5194216312023,31.8965612790079,28.774180830186,31.6380257835881,29.5065373120554,40.0604800842133,34.3670013474758,30.4895747558006,37.896527347967,37.1314745122551,23.6554133916246,23.2477848150389,44.185575657618,34.2278825252903,32.4268992693659,40.9022456152279,28.7513419956938,27.5681166477838,20.323309060627,128.382781240413,39.9148999434417,130.841929840687,33.3246021840876,41.1804344714749,33.1381622026081,26.16192672192,64.1101925573804,0,3.59147684338279,0,10.1958667569926,5.61236670846975,1.34556471223699,0
">aae-miR-13-3p",5.28529857771017,8.33607633742893,9.42372680960982,5.48603158440483,8.53345085504052,6.25971081560116,3.23588302830515,7.70013289821879,4.90512027652529,5.36482496582826,10.3860503922035,8.35954086830492,3.32613542790552,9.23120537963299,3.71314745122551,8.87078002185924,4.64955696300777,4.28666032499279,2.75045484578225,2.61156235726437,3.59580181232773,7.84127508973468,9.18937221592793,4.0646618121254,14.8133978354322,6.65248332390696,15.8596278594773,16.6623010920438,13.2365682229741,8.47720428438811,4.75671394943999,15.0847511899719,13.2737084332991,0,0,0,14.0309167711744,7.40060591730347,12.2245268661248
">aae-miR-263a-5p",254.281587127611,360.535301593801,308.888823203877,220.099587166322,224.49539941722,808.545980348484,163.180958427388,271.531002200347,182.225218272915,198.498523735646,155.790755883052,242.426685180843,312.656730223119,309.974159589781,290.863217012665,342.806365733627,502.15215200484,247.637069543814,158.915168867419,187.814859526596,181.138516296009,185.576843790388,255.631627097632,93.4872216788842,218.909101345832,465.673832673487,285.473301470591,212.065650262376,205.902172357375,155.672296858763,221.18719864896,829.661315448452,495.551781509831,484.849373856677,326.603397947258,407.834670279705,634.197438057082,432.599054984194,581.887478827539
">aae-miR-276-3p",5.57892627647184,1.04200954217862,3.49026918874438,5.70547284778102,9.1898701515821,10.4328513593353,4.62269004043592,4.05270152537831,6.00877233874348,6.70603120728533,1.48372148460049,6.50186511979272,3.32613542790552,13.6038816120907,6.18857908537584,5.71672490297596,6.19940928401037,6.26511893652793,11.001819383129,9.79335883974137,6.74212839811449,7.84127508973468,2.5061924225258,0,21.3971302067355,26.6099332956278,27.7543487540852,4.54426393419377,17.6487576306321,6.93589441449936,28.54028369664,15.0847511899719,8.8491389555327,3.59147684338279,5.53565081266539,15.2938001354889,11.2247334169395,2.01834706835549,9.77962149289982
">aae-miR-277-3p",9.98334175789698,4.16803816871446,5.23540378311656,20.8469200207383,18.3797403031642,12.5194216312023,6.2406315545885,4.86324183045397,6.74454038022227,32.1889497949696,16.3209363306054,39.0111907187563,5.91312964960981,4.85852914717526,5.77600714635079,11.2363213610217,6.19940928401037,4.94614652883784,3.97287922168548,2.61156235726437,5.39370271849159,5.22751672648979,8.35397474175267,4.0646618121254,350.583748771897,359.234099490976,436.139766135625,25.7508289604314,29.4145960510535,17.7250635037206,21.40521277248,41.4830657724226,26.5474168665981,0,11.0713016253308,35.6855336494742,28.0618335423488,25.5657295325029,41.5633913448242
">aae-miR-2b",13.2132464442754,13.546124048322,13.2630229172286,27.2107166586479,29.538868344371,12.5194216312023,9.01424557885005,10.9422941185214,8.95184450465865,36.2125685193408,25.2232652382084,34.3670013474758,12.3806152038705,8.25949955019794,9.90172653660135,10.6449360262311,9.29911392601555,13.1897240769009,3.97287922168548,4.78786432165134,2.24737613270483,18.2963085427143,30.0743090703096,12.1939854363762,42.7942604134709,79.8297998868835,31.7192557189545,42.4131300524752,54.417002694449,53.1751905111618,35.6753546208,64.1101925573804,26.5474168665981,28.7318147470623,5.53565081266539,5.09793337849631,39.2865669592883,24.2201648202659,22.0041483590246
">aae-miR-305-5p",80.7476171594609,77.1087061212176,107.500291013327,33.3550720331813,43.3236735717442,19.822417582737,9.70764908491544,19.0476971692781,13.4890807604445,52.3070434168255,37.0930371150124,45.513055838549,93.6861478860054,105.915935408421,116.345286805066,33.7089640830651,30.9970464200518,64.9593910787369,29.6437911156532,28.9448161263467,26.519038365917,73.1852341708571,36.7574888637117,32.5172944970032,18.1052640210839,13.3049666478139,23.7894417892159,60.5901857892503,33.8267854587115,26.9729227230531,35.6753546208,37.7118779749296,22.1228473888318,28.7318147470623,33.2139048759924,30.5876002709778,14.0309167711744,4.70947649282948,6.11226343306239
">aae-miR-317",2.93627698761676,1.04200954217862,0,4.60826653090005,4.59493507579105,1.04328513593353,0.924538008087185,0.810540305075662,0.367884020739397,1.34120624145707,5.93488593840198,2.78651362276831,1.84785301550306,0.971705829435051,0,0.985642224651027,0,1.31897240769009,1.22242437590322,0.217630196438697,0.449475226540966,2.61375836324489,2.5061924225258,0,1.64593309282581,6.65248332390696,0,3.02950928946251,2.94145960510535,0.770654934944374,7.13507092415999,0,8.8491389555327,0,5.53565081266539,0,5.61236670846975,1.34556471223699,1.22245268661248
">aca-miR-9-5p",0.587255397523352,1.04200954217862,0.349026918874438,1.53608884363335,0.656419296541579,2.08657027186705,1.15567251010898,0,1.83942010369698,1.34120624145707,2.96744296920099,3.71535149702441,1.66306771395276,0.485852914717526,0.825143878050113,0.394256889860411,1.54985232100259,0.659486203845045,0.305606093975806,0.217630196438697,0.449475226540966,0,0.835397474175267,0,1.64593309282581,0,0,3.02950928946251,1.47072980255268,1.54130986988875,2.37835697472,0,0,0,5.53565081266539,0,2.80618335423488,0.672782356118497,0
">aga-miR-11",56.9637735597651,65.6466011572528,80.2761913411207,38.8411036175862,43.9800928682858,68.8568189716128,70.264888614626,74.1644379144231,67.5680318091359,75.1075495215956,62.3163023532208,91.026111677098,63.5661437333054,69.9628197193237,49.9212046220318,68.6006988357115,74.3929114081244,64.2999048748919,54.7034908216693,70.0769232532605,61.1286308095713,62.7302007178775,74.3503752015987,36.5819563091286,83.9425877341161,46.5673832673487,111.017395016341,134.813163381082,89.7145179557132,76.294838559493,28.54028369664,52.7966291649015,66.3685421664953,50.2806758073591,55.3565081266539,50.9793337849631,53.3174837304627,47.7675472844133,53.787918210949
">aga-miR-184",7.63432016780357,7.29406679525031,8.02761913411207,10.3137393786811,9.1898701515821,55.2941122044769,14.3303391253514,23.1003986946564,12.017544677487,8.04723744874239,5.93488593840198,1.8576757485122,4.06527663410674,10.6887641237856,8.25143878050113,6.89949557255719,23.2477848150389,11.8707516692108,27.5045484578225,30.0329671085402,32.8116915374905,7.84127508973468,5.0123848450516,20.323309060627,19.7511971139097,6.65248332390696,19.8245348243466,12.1180371578501,5.8829192102107,15.4130986988875,16.64849882304,11.3135633924789,22.1228473888318,10.7744305301484,22.1426032506616,15.2938001354889,16.8371001254093,14.1284294784884,22.0041483590246
">aga-miR-92a",3.81716008390179,3.12602862653585,0.349026918874438,7.68044421816676,5.90777366887421,2.08657027186705,2.31134502021796,2.43162091522699,1.47153608295759,6.70603120728533,10.3860503922035,1.8576757485122,2.03263831705337,0,1.23771581707517,3.7454404536739,1.54985232100259,1.31897240769009,2.75045484578225,1.74104157150958,2.24737613270483,10.4550334529796,3.34158989670107,8.1293236242508,1.64593309282581,0,0,1.51475464473126,4.41218940765803,3.08261973977749,7.13507092415999,3.77118779749296,8.8491389555327,7.18295368676558,16.6069524379962,5.09793337849631,0,2.01834706835549,3.66735805983743
">ame-miR-317",159.146212728828,79.1927252055748,99.1236449603403,102.04018746993,176.576790769685,22.9522729905376,64.0242570600375,90.3752440159363,66.8322637676571,45.6010122095402,19.2883792998064,31.5804877247075,85.9251652208925,90.3686421374598,130.785304670943,52.6332947963648,21.6979324940363,107.825994328665,87.4033428770805,72.2532252176475,83.6023921366196,162.053018521183,123.638826177939,199.168428794145,6.58373237130322,19.9574499717209,23.7894417892159,53.016412565594,85.3023285480552,94.0199020632136,4.75671394943999,7.54237559498593,26.5474168665981,89.7869210845698,132.855619503969,40.7834670279705,39.2865669592883,24.2201648202659,22.0041483590246
">api-miR-275",6.45980937275687,8.33607633742893,6.63151145861432,10.0942981153049,10.5027087446653,12.5194216312023,1.84907601617437,4.05270152537831,4.04672422813336,10.7296499316565,16.3209363306054,13.0037302395854,7.39141206201226,11.1746170385031,7.83886684147607,8.47652313199883,7.74926160501296,5.27588963076036,3.36166703373387,3.91734353589655,3.14632658578676,2.61375836324489,10.0247696901032,0,3.29186618565161,0,7.92981392973864,13.6327918025813,22.0609470382901,21.5783381784425,9.51342789887999,11.3135633924789,13.2737084332991,0,0,0,28.0618335423488,43.7308531477023,30.5613171653119
">bmo-miR-190-5p",2.34902159009341,1.04200954217862,2.09416151324663,1.97497137038574,2.62567718616632,3.12985540780058,0.693403506065389,0,0.981024055305058,4.0236187243712,0,3.71535149702441,2.40220892015398,5.83023497661031,1.23771581707517,0.985642224651027,1.54985232100259,0.989229305767568,1.52803046987903,0.435260392877394,0.898950453081931,0,0,0,4.93779927847742,6.65248332390696,0,1.51475464473126,4.41218940765803,0.770654934944374,0,3.77118779749296,8.8491389555327,0,0,15.2938001354889,11.2247334169395,7.40060591730347,3.66735805983743
">bmo-miR-263a-5p",12.9196187455137,3.12602862653585,11.8669152417309,10.7526219054335,8.53345085504052,5.21642567966764,5.7783625505449,6.4843224406053,6.98979639404854,9.38844369019946,16.3209363306054,23.2209468564026,14.0436829178233,9.71705829435051,11.1394423536765,9.85642224651027,4.64955696300777,5.60563273268288,3.97287922168548,5.22312471452873,3.59580181232773,20.9100669059592,15.8725520093301,8.1293236242508,37.8564611349935,59.8723499151626,27.7543487540852,16.6623010920438,14.7072980255268,16.1837536338318,11.8917848736,22.6271267849578,4.42456947776635,10.7744305301484,11.0713016253308,5.09793337849631,16.8371001254093,18.1651236151994,8.55716880628734
">cel-miR-39-3p",0.293627698761676,0,0,0.438882526752386,0,0,0.231134502021796,0,0,0,0,0,0.184785301550306,0.971705829435051,0.825143878050113,0,0,0.659486203845045,0.611212187951612,0.217630196438697,0.898950453081931,5.22751672648979,0,0,0,0,3.96490696486932,0,0,0.770654934944374,0,0,8.8491389555327,68.238060024273,5.53565081266539,0,0,0,1.22245268661248
">chi-miR-125b-5p",0.293627698761676,0,0.349026918874438,0,0,0,0,0,0,0,0,0,0.184785301550306,0,1.23771581707517,0,0,0,0,0,0.449475226540966,0,0.835397474175267,0,23.0430632995613,19.9574499717209,15.8596278594773,1.51475464473126,0,0,0,0,8.8491389555327,0,0,0,2.80618335423488,1.34556471223699,1.22245268661248
">cqu-bantam-3p",10.864224854182,2.08401908435723,6.98053837748875,5.92491411115721,5.25135437233263,2.08657027186705,6.0094970525667,5.2685119829918,6.37665635948288,6.70603120728533,0,3.71535149702441,3.51092072945582,5.83023497661031,6.18857908537584,4.73108267832493,4.64955696300777,5.27588963076036,5.50090969156451,6.52890589316091,8.98950453081931,0,4.17698737087633,4.0646618121254,13.1674647426064,0,15.8596278594773,3.02950928946251,10.2951086178687,3.85327467472187,4.75671394943999,15.0847511899719,0,0,0,0,2.80618335423488,0,0
">cqu-miR-305-5p",23.1965882021724,12.5041145061434,22.6867497268384,8.99709179842391,20.3489981927889,4.17314054373411,3.92928653437054,9.32121350837011,6.74454038022227,18.7768873803989,11.869771876804,20.4344332336343,22.3590214875871,19.434116588701,18.1531653171025,19.1214591582299,10.8489662470181,14.508696484591,5.1953035975887,8.70520785754789,5.39370271849159,10.4550334529796,8.35397474175267,20.323309060627,9.87559855695483,6.65248332390696,11.894720894608,13.6327918025813,16.1780278280794,10.0185141542769,4.75671394943999,11.3135633924789,4.42456947776635,0,0,0,2.80618335423488,0.672782356118497,2.44490537322495
">cqu-miR-8-3p",104.825088457918,106.284973302219,106.104183337829,62.1018775354626,42.6672542752026,36.5149797576735,52.6986664609695,60.7905228806746,55.7957431454752,59.0130746241109,77.1535171992257,64.0898133236711,82.7838150945373,117.576405361641,104.380700573339,64.6581299371074,52.6949789140881,77.8193720537153,69.9837955204596,49.8373149844616,54.8359776379978,86.2540259870815,58.4778231922687,73.1639126182572,44.4401935062967,46.5673832673487,75.333232332517,69.6787136576378,61.7706517072124,51.633880641273,78.4857801657599,30.1695023799437,13.2737084332991,10.7744305301484,16.6069524379962,45.8814004064668,19.6432834796441,11.4373000540145,6.11226343306239
">cte-miR-34",0.293627698761676,2.08401908435723,0.698053837748875,2.63329516051432,3.28209648270789,3.12985540780058,0.924538008087185,2.02635076268915,1.71679209678385,1.34120624145707,1.48372148460049,0.928837874256102,0.923926507751532,0.971705829435051,0.825143878050113,2.16841289423226,4.64955696300777,1.97845861153514,0.611212187951612,1.08815098219349,1.3484256796229,0,1.67079494835053,0,0,0,0,1.51475464473126,0,0.770654934944374,2.37835697472,0,0,0,5.53565081266539,0,0,2.01834706835549,1.22245268661248
">dme-miR-34-3p",2.64264928885508,6.2520572530717,5.93345762086544,10.5331806420573,13.1283859308316,25.0388432624047,5.31609354650131,6.4843224406053,5.64088831800408,1.34120624145707,0,0,1.47828241240245,1.45755874415258,4.12571939025056,8.27939468706863,15.4985232100259,3.62717412114775,3.05606093975806,2.39393216082567,2.69685135924579,7.84127508973468,10.0247696901032,4.0646618121254,0,6.65248332390696,0,16.6623010920438,14.7072980255268,7.70654934944374,0,0,0,0,5.53565081266539,0,0,0.672782356118497,0
">dme-miR-8-5p",95.7226297963063,50.0164580245736,102.962941067959,45.8632240456243,59.0777366887421,102.241943321486,41.6042103639233,52.685119829918,41.693522350465,54.9894558997397,75.6697957146252,46.4418937128051,47.8593931015294,91.8262008816123,98.6046934269884,77.0772219677103,88.3415822971477,91.3388392325387,61.426824889137,62.8951267707835,59.7802051299484,65.3439590811224,60.1486181406192,56.9052653697556,153.0717776328,126.397183154232,114.98230198121,40.8983754077439,55.8877324970017,48.5512609014955,76.1074231910399,98.0508827348171,88.491389555327,161.616457952226,83.0347621899809,147.840067976393,109.44115081516,92.8439651443526,100.241120302223
">dme-miR-9b-3p",2.34902159009341,2.08401908435723,3.49026918874438,1.75553010700954,1.96925788962474,0,1.61794151415257,2.02635076268915,1.22628006913132,8.04723744874239,2.96744296920099,3.71535149702441,2.7717795232546,0.971705829435051,1.65028775610023,0.985642224651027,0,1.31897240769009,1.22242437590322,1.30578117863218,0.898950453081931,0,5.0123848450516,0,3.29186618565161,0,3.96490696486932,25.7508289604314,14.7072980255268,12.33047895911,9.51342789887999,11.3135633924789,0,0,0,0,0,0,0
">dre-miR-10a-5p",1.46813849380838,1.04200954217862,3.14124226986994,1.09720631688097,0,0,0.462269004043592,1.21581045761349,0.490512027652529,1.34120624145707,0,0.928837874256102,1.29349711085215,0.971705829435051,2.06285969512528,2.36554133916246,12.3988185680207,0.989229305767568,2.75045484578225,1.08815098219349,2.24737613270483,2.61375836324489,5.84778231922687,12.1939854363762,19.7511971139097,0,0,0,0,0,0,3.77118779749296,39.8211252998972,64.6465831808902,0,290.58220257429,2.80618335423488,2.69112942447399,1.22245268661248
">hme-let-7",0,0,0,0.658323790128579,1.31283859308316,0,0.693403506065389,0.405270152537831,1.10365206221819,10.7296499316565,13.3534933614044,11.1460544910732,0,0,0,0.394256889860411,0,0,0,0,0,0,0,0,11.5215316497806,13.3049666478139,11.894720894608,12.1180371578501,25.0024066433955,12.33047895911,54.7022104185599,45.2542535699156,168.133640155121,0,0,0,129.084434294804,65.9326708996127,122.245268661248
">hsa-miR-148a-3p",4.11078778266346,14.5881335905006,17.8003728625963,1.53608884363335,0,0,2.54247952223976,13.7791851862863,9.93286855996371,0,0,0,9.23926507751532,7.28779372076288,8.66401071952618,19.3185876031601,10.8489662470181,19.7845861153513,7.64015234939515,9.79335883974137,15.7316329289338,2.61375836324489,3.34158989670107,0,0,0,0,0,0,0,0,0,0,0,5.53565081266539,0,0,0,0
">hsa-miR-16-5p",0,0,0.349026918874438,0.877765053504772,0.656419296541579,0,0.462269004043592,0.405270152537831,0.245256013826264,0,1.48372148460049,0.928837874256102,0.369570603100613,0.485852914717526,2.06285969512528,0,0,1.31897240769009,0,0.435260392877394,0.449475226540966,5.22751672648979,0,0,1.64593309282581,0,3.96490696486932,3.02950928946251,0,0,0,3.77118779749296,8.8491389555327,132.884643205163,0,5.09793337849631,0,0,1.22245268661248
">hsa-miR-192-5p",3.22990468637843,3.12602862653585,5.93345762086544,2.19441263376193,0,0,1.38680701213078,11.3475642710593,8.46133247700613,0,0,0,2.03263831705337,1.9434116588701,0,13.6018627001842,1.54985232100259,9.56254995575315,5.50090969156451,4.35260392877394,1.3484256796229,0,0,0,0,0,0,0,0,0,0,0,0,0,0,0,0,0,0
">hsa-miR-22-3p",27.8946313823592,46.8904293980377,75.738841395753,17.5553010700954,0,0,3.46701753032694,40.1217451012453,29.1854656453255,0,1.48372148460049,0,41.022336944168,28.1794690536165,33.0057551220045,74.908809073478,20.1480801730337,60.6727307537441,22.003638766258,35.2560918230689,35.0590676701953,10.4550334529796,2.5061924225258,8.1293236242508,0,0,0,0,0,0,0,7.54237559498593,0,17.957384216914,16.6069524379962,0,0,0,0
">hsa-miR-26a-5p",3.22990468637843,5.21004771089308,8.02761913411207,3.73050147739528,0,0,1.15567251010898,8.10540305075662,4.65986426269902,0,0,0,4.80441784030797,0.971705829435051,3.30057551220045,14.7846333697654,3.09970464200518,5.9353758346054,2.13924265783064,1.30578117863218,1.79790090616386,0,0,4.0646618121254,0,0,0,0,0,0,0,0,0,0,0,0,0,0,0
">mse-miR-317",1.76176619257006,0,0.698053837748875,2.63329516051432,7.87703155849895,2.08657027186705,0.693403506065389,1.62108061015132,0.858396048391926,1.34120624145707,1.48372148460049,0.928837874256102,0.923926507751532,0.971705829435051,0.412571939025056,2.16841289423226,3.09970464200518,1.31897240769009,0.305606093975806,0.652890589316091,0.898950453081931,0,0.835397474175267,4.0646618121254,0,0,0,0,1.47072980255268,0.770654934944374,0,0,0,3.59147684338279,0,5.09793337849631,2.80618335423488,1.34556471223699,0
">ola-miR-125c",0,0,0,0,0,0,0,0,0,1.34120624145707,1.48372148460049,1.8576757485122,0,0,0,0,0,0,0,0,0,0,0,4.0646618121254,13.1674647426064,13.3049666478139,7.92981392973864,9.08852786838754,2.94145960510535,2.31196480483312,11.8917848736,30.1695023799437,17.6982779110654,7.18295368676558,0,0,25.2556501881139,10.764517697896,26.8939591054745
">ola-miR-143",0.293627698761676,2.08401908435723,2.09416151324663,2.19441263376193,0,0,0.462269004043592,4.45797167791614,3.4335841935677,0,0,0,0.554355904650919,1.45755874415258,1.23771581707517,2.95692667395308,0,0.989229305767568,1.83363656385484,4.35260392877394,3.14632658578676,0,0,0,0,0,0,0,0,0,0,0,0,0,0,0,0,0,0
">sko-miR-9-5p",9.39608636037363,11.4621049639648,5.23540378311656,17.7747423334716,22.3182560824137,14.6059919030694,25.8870642264412,15.4002657964376,33.354817880372,24.1417123462272,43.0279230534143,59.4456239523906,7.76098266511287,3.40097040302268,5.77600714635079,17.3473031538581,4.64955696300777,8.57332064998558,4.58409140963709,5.00549451809003,11.2368806635241,18.2963085427143,13.3663595868043,24.3879708727524,39.5023942278193,19.9574499717209,75.333232332517,45.4426393419377,60.2999219046597,50.8632257063287,38.0537115955199,41.4830657724226,0,0,5.53565081266539,0,2.80618335423488,12.7828647662514,4.88981074644991
">tca-miR-283-5p",3.81716008390179,5.21004771089308,2.7922153509955,3.73050147739528,2.62567718616632,0,2.08021051819617,4.05270152537831,3.18832817974144,5.36482496582826,5.93488593840198,6.50186511979272,4.80441784030797,3.40097040302268,3.71314745122551,3.5483120087437,0,4.28666032499279,5.80651578554031,2.61156235726437,6.29265317157352,0,5.84778231922687,12.1939854363762,0,6.65248332390696,7.92981392973864,4.54426393419377,0,3.85327467472187,0,3.77118779749296,0,0,0,0,0,0.672782356118497,0
">tch-miR-30a-5p",2.34902159009341,2.08401908435723,4.18832302649325,0.438882526752386,0,0,0.462269004043592,4.05270152537831,2.69781615208891,0,0,0,4.06527663410674,3.40097040302268,2.06285969512528,2.95692667395308,4.64955696300777,7.58409134421802,2.13924265783064,2.82919255370306,4.94422749195062,0,0,0,0,0,0,0,0,0,0,0,0,0,0,0,0,0,0
">tur-miR-10-5p",0.880883096285028,2.08401908435723,2.44318843212106,1.09720631688097,1.96925788962474,5.21642567966764,1.84907601617437,1.21581045761349,1.59416408987072,0,0,0,1.84785301550306,0.971705829435051,2.88800357317539,1.77415600437185,0,1.31897240769009,2.44484875180645,3.91734353589655,4.94422749195062,2.61375836324489,0.835397474175267,0,0,0,0,0,0,0,0,0,0,0,5.53565081266539,0,2.80618335423488,1.34556471223699,1.22245268661248
">tur-miR-317-3p",5.87255397523352,5.21004771089308,1.39610767549775,3.2916189506429,7.87703155849895,3.12985540780058,0.693403506065389,1.21581045761349,0.981024055305058,1.34120624145707,0,1.8576757485122,2.03263831705337,3.40097040302268,4.53829132927562,0.788513779720821,0,1.97845861153514,3.36166703373387,1.08815098219349,0.898950453081931,5.22751672648979,3.34158989670107,16.2586472485016,1.64593309282581,0,0,4.54426393419377,2.94145960510535,3.08261973977749,0,0,4.42456947776635,0,5.53565081266539,5.09793337849631,2.80618335423488,2.01834706835549,3.66735805983743
">xtr-miR-9-5p",8.5152032640886,9.37808587960754,10.8198344851076,11.8498282223144,9.84628944812368,11.4761364952688,12.9435321132206,8.91594335583228,16.677408940186,21.459299863313,28.1907082074094,43.6553800900368,9.79362098216624,9.23120537963299,4.12571939025056,12.0248351407425,9.29911392601555,9.23280685383063,5.80651578554031,7.6170568753544,12.585306343147,7.84127508973468,16.7079494835053,24.3879708727524,3.29186618565161,0,11.894720894608,54.5311672103252,51.4755430893437,33.1381622026081,57.0805673932799,15.0847511899719,4.42456947776635,0,0,15.2938001354889,2.80618335423488,10.764517697896,12.2245268661248
